Id,Title,PriorityLevel,Classification,Status,IsApproved,SlaRiskLevel,Deadline,CreatedAt,UpdatedAt,AssignedDepartmentId,IsSLALocked,assigned_employee_count,has_multiple_assignments
ccd34424-519f-44dd-b3e1-2aa7cd80e9e0,Generate department overtime summary #130,1,0,5,,0,2026-06-28 16:25:26.312764+00,2026-06-24 16:25:26.312764+00,2026-06-25 16:25:26.312764+00,1d9b6bf9-3eba-4c95-b67a-f82cd8f4fe9e,f,1,0
f0c4da9c-9a63-4819-93db-d191a23c8c55,Prepare sustainability report for logistics #160,3,0,0,,1,2026-06-25 22:25:26.312764+00,2026-06-24 22:25:26.312764+00,2026-06-24 22:25:26.312764+00,a7946704-386c-4588-a647-02855ec4261e,t,1,0
dba5f6b3-ae35-4003-84e2-ac538c6524e7,Express delivery to Clark Freeport #30,1,0,1,,0,2026-07-04 04:12:39.767304+00,2026-06-25 04:12:39.767304+00,2026-07-24 04:12:39.767304+00,1d9b6bf9-3eba-4c95-b67a-f82cd8f4fe9e,f,2,1
0cfc9617-93d4-4c51-9a16-be21d801ea94,Audit fuel card usage reports #131,1,0,1,,0,2026-06-30 13:25:26.312764+00,2026-06-25 13:25:26.312764+00,2026-07-22 20:25:26.312764+00,1d9b6bf9-3eba-4c95-b67a-f82cd8f4fe9e,f,1,0
c9eaf8ac-4353-457f-8bf6-868498de6173,Prepare weekly dispatch summary report #31,2,0,1,,0,2026-07-06 03:12:39.767304+00,2026-06-26 03:12:39.767304+00,2026-07-24 03:12:39.767304+00,b6476aff-b9b7-4dbc-9013-9c24a102f7e1,f,1,0
6578a112-374d-4073-9848-38d1dd294ab3,Perform end-of-month inventory reconciliation #101,0,0,3,t,0,2026-06-29 07:25:26.312764+00,2026-06-26 07:25:26.312764+00,2026-06-28 07:25:26.312764+00,45453926-7111-4135-9b99-55848ff0a208,f,1,0
ea419b4d-6aae-423a-8389-db8cadf0826e,Process delivery order #2407-0 #1,0,0,3,t,0,2026-06-30 09:12:39.767304+00,2026-06-26 09:12:39.767304+00,2026-06-28 09:12:39.767304+00,45453926-7111-4135-9b99-55848ff0a208,f,1,0
b395845f-efc7-45d6-98fc-3851a94e9d24,Update employee shift schedules #32,2,0,1,,0,2026-07-08 02:12:39.767304+00,2026-06-27 02:12:39.767304+00,2026-07-24 02:12:39.767304+00,b6476aff-b9b7-4dbc-9013-9c24a102f7e1,f,1,0
9bdd0b96-edd3-4dd3-9bd6-171c47c62fc7,Coordinate with airline for air freight #102,0,1,3,t,0,2026-07-01 04:25:26.312764+00,2026-06-27 04:25:26.312764+00,2026-06-30 04:25:26.312764+00,45453926-7111-4135-9b99-55848ff0a208,f,1,0
4ce27a6d-2f0c-43dc-b786-0fd3b12f240b,Dispatch urgent parcel to Makati #2,0,0,3,t,0,2026-07-02 08:12:39.767304+00,2026-06-27 08:12:39.767304+00,2026-06-30 08:12:39.767304+00,45453926-7111-4135-9b99-55848ff0a208,f,1,0
cf9922c0-be0b-48aa-9a60-f28fc0ae35c1,Prepare customer satisfaction survey results #132,1,1,1,,0,2026-07-03 10:25:26.312764+00,2026-06-27 10:25:26.312764+00,2026-07-22 18:25:26.312764+00,1d9b6bf9-3eba-4c95-b67a-f82cd8f4fe9e,f,2,1
f74d2a90-c384-4378-912e-0269182b7793,Updating driver files #332,2,1,1,,0,2026-08-12 10:30:19.258003+00,2026-06-27 10:30:19.258003+00,2026-07-23 10:30:19.258003+00,b6476aff-b9b7-4dbc-9013-9c24a102f7e1,f,1,0
9ff41262-a67d-4b6b-b579-3367bfb16c88,Review monthly logistics KPIs #33,2,1,1,,0,2026-07-10 01:12:39.767304+00,2026-06-28 01:12:39.767304+00,2026-07-24 01:12:39.767304+00,b6476aff-b9b7-4dbc-9013-9c24a102f7e1,f,2,1
1b74a51b-1e19-4656-91fc-2747e2b76684,Resolve customer escalation ticket #331 #103,0,0,3,f,2,2026-07-02 01:25:26.312764+00,2026-06-28 01:25:26.312764+00,2026-07-02 01:25:26.312764+00,45453926-7111-4135-9b99-55848ff0a208,f,1,0
50fa3f6b-a07f-4910-8d24-88ecfb2a4316,Route optimization for Manila deliveries #3,0,1,3,t,0,2026-07-04 07:12:39.767304+00,2026-06-28 07:12:39.767304+00,2026-07-02 07:12:39.767304+00,45453926-7111-4135-9b99-55848ff0a208,f,2,1
47f3596e-9b61-4d24-900e-82c1dbadb7e8,Coordinate return logistics processing #133,1,0,1,,0,2026-07-05 07:25:26.312764+00,2026-06-28 07:25:26.312764+00,2026-07-22 16:25:26.312764+00,1d9b6bf9-3eba-4c95-b67a-f82cd8f4fe9e,f,1,0
9c3cbd31-2c93-435a-a583-c143bf5b60d7,Awaiting sign-off billing #338,2,0,2,,0,2026-08-06 10:30:19.258003+00,2026-06-28 10:30:19.258003+00,2026-07-23 19:30:19.258003+00,a7946704-386c-4588-a647-02855ec4261e,f,1,0
a11989d8-1699-44ff-9883-11a92ebfe672,Submitted training complete #307,3,1,2,,0,2026-08-07 10:30:19.258003+00,2026-06-28 10:30:19.258003+00,2026-07-23 16:30:19.258003+00,b6476aff-b9b7-4dbc-9013-9c24a102f7e1,f,1,0
11dfe89c-4c46-4280-bcb9-9ad4168fd6fa,Pending approval route #311,0,1,2,,0,2026-07-31 10:30:19.258003+00,2026-06-28 10:30:19.258003+00,2026-07-24 17:30:19.258003+00,1d9b6bf9-3eba-4c95-b67a-f82cd8f4fe9e,f,1,0
67fe9bdd-61e4-4696-9ae1-a07a47e55d7a,Updating driver files #302,2,0,1,,0,2026-08-08 10:30:19.258003+00,2026-06-28 10:30:19.258003+00,2026-07-24 04:30:19.258003+00,b6476aff-b9b7-4dbc-9013-9c24a102f7e1,f,1,0
71770edc-4a22-4999-bed4-08b11f69a4b0,Update fleet maintenance logs #104,0,0,3,f,2,2026-06-29 22:25:26.312764+00,2026-06-28 22:25:26.312764+00,2026-07-03 22:25:26.312764+00,45453926-7111-4135-9b99-55848ff0a208,f,1,0
aac5987e-4052-4db3-80b2-6caa6f892c04,Coordinate with warehouse team #34,2,1,1,,0,2026-07-12 00:12:39.767304+00,2026-06-29 00:12:39.767304+00,2026-07-24 00:12:39.767304+00,b6476aff-b9b7-4dbc-9013-9c24a102f7e1,f,1,0
f0675f40-322c-4783-a434-d7e583ab6fef,Resolve address correction request #891 #134,1,0,1,,0,2026-07-07 04:25:26.312764+00,2026-06-29 04:25:26.312764+00,2026-07-22 14:25:26.312764+00,1d9b6bf9-3eba-4c95-b67a-f82cd8f4fe9e,f,1,0
102a047f-0090-498e-8a0b-f11cbe05020c,Coordinate same-day delivery batch #4,0,1,3,t,0,2026-07-06 06:12:39.767304+00,2026-06-29 06:12:39.767304+00,2026-07-04 06:12:39.767304+00,45453926-7111-4135-9b99-55848ff0a208,f,1,0
b21a53de-c30f-4233-9065-63a307d477b6,Working on route audit #330,0,0,1,,0,2026-08-08 10:30:19.258003+00,2026-06-29 10:30:19.258003+00,2026-07-23 04:30:19.258003+00,a7946704-386c-4588-a647-02855ec4261e,f,1,0
e943cbd2-253d-4675-81cc-6007e28a4e8a,Cancel vendor renegotiation #351,3,1,5,,0,2026-08-02 10:30:19.258003+00,2026-06-29 10:30:19.258003+00,2026-07-23 15:30:19.258003+00,a7946704-386c-4588-a647-02855ec4261e,f,1,0
c7b0a37e-41f4-4cbf-805a-5d22a312b958,Prepare driver incentive payout report #105,0,1,3,t,0,2026-07-06 19:25:26.312764+00,2026-06-29 19:25:26.312764+00,2026-06-30 19:25:26.312764+00,45453926-7111-4135-9b99-55848ff0a208,f,1,0
724c760b-ad0d-449d-8fc2-b69502bccc11,Audit completed delivery records #35,2,0,1,,0,2026-07-13 23:12:39.767304+00,2026-06-29 23:12:39.767304+00,2026-07-23 23:12:39.767304+00,b6476aff-b9b7-4dbc-9013-9c24a102f7e1,f,1,0
e061a04d-4261-426a-8d62-7795b6433088,Update warehouse slotting strategy #135,1,1,1,,0,2026-07-09 01:25:26.312764+00,2026-06-30 01:25:26.312764+00,2026-07-22 12:25:26.312764+00,1d9b6bf9-3eba-4c95-b67a-f82cd8f4fe9e,f,1,0
65956fab-0a5e-44b7-acdf-aee128dd2419,Assign driver for Bulacan route #5,0,0,3,t,0,2026-07-08 05:12:39.767304+00,2026-06-30 05:12:39.767304+00,2026-07-01 05:12:39.767304+00,45453926-7111-4135-9b99-55848ff0a208,f,1,0
9d2d4463-2677-490e-ac28-3b748617e6e5,Audit proof-of-delivery completeness #100,3,0,0,,1,2026-07-01 08:23:32.020828+00,2026-06-30 08:23:32.020828+00,2026-06-30 08:23:32.020828+00,a7946704-386c-4588-a647-02855ec4261e,t,1,0
7400b190-bf80-4fd6-82ac-4f16e210b0f9,Prepare weekly on-time delivery stats #75,1,1,5,,0,2026-07-08 09:23:32.020828+00,2026-06-30 09:23:32.020828+00,2026-07-02 09:23:32.020828+00,1d9b6bf9-3eba-4c95-b67a-f82cd8f4fe9e,f,1,0
ee1d2119-de83-4e96-afba-81ec2dc4e4fc,Audit shipping label accuracy #106,0,0,3,t,0,2026-07-08 16:25:26.312764+00,2026-06-30 16:25:26.312764+00,2026-07-02 16:25:26.312764+00,45453926-7111-4135-9b99-55848ff0a208,f,1,0
6eac81fc-69d5-4c47-9808-abd498f5568b,Process overtime requests #36,2,0,2,,0,2026-07-03 22:12:39.767304+00,2026-06-30 22:12:39.767304+00,2026-07-23 22:12:39.767304+00,b6476aff-b9b7-4dbc-9013-9c24a102f7e1,f,2,1
c905cd39-0b9e-4807-a2ee-09921b3ccd9e,Process international shipping documents #136,2,0,1,,0,2026-07-10 22:25:26.312764+00,2026-06-30 22:25:26.312764+00,2026-07-25 10:25:26.312764+00,1d9b6bf9-3eba-4c95-b67a-f82cd8f4fe9e,f,2,1
649e85ed-eda2-47d5-b822-ef01d9571606,Process return pickup request #6,0,0,3,t,0,2026-07-10 04:12:39.767304+00,2026-07-01 04:12:39.767304+00,2026-07-03 04:12:39.767304+00,45453926-7111-4135-9b99-55848ff0a208,f,2,1
a3ef7514-1f0d-4e91-b0de-e3948760bb2f,Resolve misrouted shipment #6738 #76,1,0,1,,0,2026-07-10 08:23:32.020828+00,2026-07-01 08:23:32.020828+00,2026-07-25 08:23:32.020828+00,1d9b6bf9-3eba-4c95-b67a-f82cd8f4fe9e,f,1,0
f7e07729-3793-4f9c-a40f-8f9d76471965,Audit warehouse inventory discrepancies #51,0,1,3,t,0,2026-07-05 09:23:32.020828+00,2026-07-01 09:23:32.020828+00,2026-07-03 09:23:32.020828+00,45453926-7111-4135-9b99-55848ff0a208,f,1,0
96b299ff-1d5d-468c-a0ce-ea9dfa078571,End pilot program early #306,3,0,5,,0,2026-08-01 10:30:19.258003+00,2026-07-01 10:30:19.258003+00,2026-07-24 17:30:19.258003+00,1d9b6bf9-3eba-4c95-b67a-f82cd8f4fe9e,f,1,0
040c777b-4a3d-45a8-bd56-d59b74a35241,Process bulk order for warehouse transfer #107,0,0,3,t,0,2026-07-10 13:25:26.312764+00,2026-07-01 13:25:26.312764+00,2026-07-04 13:25:26.312764+00,45453926-7111-4135-9b99-55848ff0a208,f,1,0
04bc226c-7d95-4446-9df2-96d41ca46edc,Generate fleet cost-per-mile analysis #137,2,0,1,,0,2026-07-12 19:25:26.312764+00,2026-07-01 19:25:26.312764+00,2026-07-25 08:25:26.312764+00,1d9b6bf9-3eba-4c95-b67a-f82cd8f4fe9e,f,1,0
bf71c8c5-9a6b-4abd-a110-f22074f451ae,Update standard operating procedures #37,2,0,2,,0,2026-07-05 21:12:39.767304+00,2026-07-01 21:12:39.767304+00,2026-07-23 21:12:39.767304+00,b6476aff-b9b7-4dbc-9013-9c24a102f7e1,f,1,0
e4e71a8f-7762-484e-bdeb-8538c63011fd,Reschedule missed delivery slot #7,0,0,3,f,2,2026-07-05 03:12:39.767304+00,2026-07-02 03:12:39.767304+00,2026-07-05 03:12:39.767304+00,45453926-7111-4135-9b99-55848ff0a208,f,1,0
dc2cab2b-7080-4650-b7b9-2efdb24a4f9a,Update standard operating procedures v3 #77,1,1,1,,0,2026-07-12 07:23:32.020828+00,2026-07-02 07:23:32.020828+00,2026-07-25 07:23:32.020828+00,1d9b6bf9-3eba-4c95-b67a-f82cd8f4fe9e,f,2,1
b502d748-f45e-4383-b13d-d4a6b4e284ef,Coordinate vehicle maintenance schedule #52,0,0,3,t,0,2026-07-07 08:23:32.020828+00,2026-07-02 08:23:32.020828+00,2026-07-05 08:23:32.020828+00,45453926-7111-4135-9b99-55848ff0a208,f,1,0
a4fc5d53-24ea-450a-bfc2-652601c7c2b0,Ready QA process update #313,3,0,2,,0,2026-08-08 10:30:19.258003+00,2026-07-02 10:30:19.258003+00,2026-07-23 14:30:19.258003+00,a7946704-386c-4588-a647-02855ec4261e,f,1,0
212b321f-ff8d-4821-b43d-41d6b3f2ab1a,Pending approval route #301,3,0,2,,0,2026-08-01 10:30:19.258003+00,2026-07-02 10:30:19.258003+00,2026-07-23 07:30:19.258003+00,b6476aff-b9b7-4dbc-9013-9c24a102f7e1,f,1,0
a6608f47-ef44-4c0a-9eac-aa1b9b1bb446,Coordinate driver safety training session #138,2,1,1,,0,2026-07-14 16:25:26.312764+00,2026-07-02 16:25:26.312764+00,2026-07-25 06:25:26.312764+00,1d9b6bf9-3eba-4c95-b67a-f82cd8f4fe9e,f,1,0
7fed2d51-229c-4294-a225-1dc8af600d3d,Conduct safety briefing #38,2,1,2,,0,2026-07-07 20:12:39.767304+00,2026-07-02 20:12:39.767304+00,2026-07-23 20:12:39.767304+00,b6476aff-b9b7-4dbc-9013-9c24a102f7e1,f,1,0
08cbcd57-1059-4f86-9ff7-8df6b2e9ff77,Verify delivery proof of delivery #8,0,1,3,f,2,2026-07-07 02:12:39.767304+00,2026-07-03 02:12:39.767304+00,2026-07-07 02:12:39.767304+00,45453926-7111-4135-9b99-55848ff0a208,f,1,0
5acda921-8d5b-4917-87a7-aa341cd34b0c,Coordinate forklift operator certification #78,1,0,1,,0,2026-07-14 06:23:32.020828+00,2026-07-03 06:23:32.020828+00,2026-07-25 06:23:32.020828+00,1d9b6bf9-3eba-4c95-b67a-f82cd8f4fe9e,f,1,0
d6baded5-e6b8-4131-a487-43c5bb372243,Process urgent customs clearance docs #53,0,1,3,t,0,2026-07-09 07:23:32.020828+00,2026-07-03 07:23:32.020828+00,2026-07-07 07:23:32.020828+00,45453926-7111-4135-9b99-55848ff0a208,f,2,1
32d0a8b0-65d2-4d43-b8be-bf27baee84cf,Coordinate courier pickup schedule #108,0,1,3,f,2,2026-07-04 10:25:26.312764+00,2026-07-03 10:25:26.312764+00,2026-07-07 10:25:26.312764+00,45453926-7111-4135-9b99-55848ff0a208,f,1,0
ff9e03a5-925c-4d15-a0b6-7fe032cb1b4b,Resolve late delivery penalty dispute #139,2,0,1,,0,2026-07-16 13:25:26.312764+00,2026-07-03 13:25:26.312764+00,2026-07-25 04:25:26.312764+00,b6476aff-b9b7-4dbc-9013-9c24a102f7e1,f,1,0
a2293cb4-d466-43fc-b84b-925ecefe69f0,Inventory check of delivery equipment #39,2,1,2,,0,2026-07-09 19:12:39.767304+00,2026-07-03 19:12:39.767304+00,2026-07-23 19:12:39.767304+00,b6476aff-b9b7-4dbc-9013-9c24a102f7e1,f,2,1
03702e02-834e-4af7-9b09-38dbfe16fa2f,Dispatch international cargo documents #9,0,1,3,f,2,2026-07-06 01:12:39.767304+00,2026-07-04 01:12:39.767304+00,2026-07-09 01:12:39.767304+00,45453926-7111-4135-9b99-55848ff0a208,f,2,1
a3b77b64-4346-4896-b298-14ab84d79d3a,Process bulk delivery to mall branch #79,1,1,1,,0,2026-07-16 05:23:32.020828+00,2026-07-04 05:23:32.020828+00,2026-07-25 05:23:32.020828+00,1d9b6bf9-3eba-4c95-b67a-f82cd8f4fe9e,f,1,0
a98ed97a-2aaf-41fb-bd31-518d908470a7,Prepare driver route efficiency report #54,0,0,3,t,0,2026-07-11 06:23:32.020828+00,2026-07-04 06:23:32.020828+00,2026-07-05 06:23:32.020828+00,45453926-7111-4135-9b99-55848ff0a208,f,1,0
4b12dd43-9dd2-4a1b-ade4-1b85a0801b8a,Verify insurance coverage for high-value parcels #109,0,0,3,f,2,2026-07-06 07:25:26.312764+00,2026-07-04 07:25:26.312764+00,2026-07-09 07:25:26.312764+00,45453926-7111-4135-9b99-55848ff0a208,f,1,0
89af6684-bbc6-475f-a26c-e78f26908a5c,Pending coordinator approved #346,1,1,2,,0,2026-08-12 10:30:19.258003+00,2026-07-04 10:30:19.258003+00,2026-07-22 16:30:19.258003+00,a7946704-386c-4588-a647-02855ec4261e,f,1,0
9cb51c5f-d147-4537-bccd-035664111e5c,Abandon shelved policy #308,1,0,5,,0,2026-07-28 10:30:19.258003+00,2026-07-04 10:30:19.258003+00,2026-07-24 13:30:19.258003+00,45453926-7111-4135-9b99-55848ff0a208,f,1,0
e4839aae-1d48-44a3-9ca1-064cde5a92be,Data entry for customer feedback #40,2,0,2,,0,2026-07-11 18:12:39.767304+00,2026-07-04 18:12:39.767304+00,2026-07-23 18:12:39.767304+00,b6476aff-b9b7-4dbc-9013-9c24a102f7e1,f,1,0
043b04b2-3371-4b3c-8956-833545de2401,Coordinate express freight forwarding #10,0,0,3,t,0,2026-07-18 00:12:39.767304+00,2026-07-05 00:12:39.767304+00,2026-07-06 00:12:39.767304+00,45453926-7111-4135-9b99-55848ff0a208,f,1,0
0da4fab1-45f5-48a2-94c0-29ca4ef3cca1,Verify temperature logs for cold chain #80,2,0,1,,0,2026-07-08 04:23:32.020828+00,2026-07-05 04:23:32.020828+00,2026-07-25 04:23:32.020828+00,1d9b6bf9-3eba-4c95-b67a-f82cd8f4fe9e,f,2,1
355336f6-9d5b-45b4-baa6-9f937b61d3e1,Generate weekly delivery exception report #110,0,0,3,t,0,2026-07-17 04:25:26.312764+00,2026-07-05 04:25:26.312764+00,2026-07-06 04:25:26.312764+00,45453926-7111-4135-9b99-55848ff0a208,f,1,0
15ed2563-3650-40f2-8be7-ed4837d80038,Resolve customer delivery complaint #4521 #55,0,1,3,f,2,2026-07-08 05:23:32.020828+00,2026-07-05 05:23:32.020828+00,2026-07-07 05:23:32.020828+00,45453926-7111-4135-9b99-55848ff0a208,f,1,0
820b86e1-0098-45d5-b705-9437057bae77,Verify cargo securement compliance #140,2,0,1,,0,2026-07-19 10:25:26.312764+00,2026-07-05 10:25:26.312764+00,2026-07-25 02:25:26.312764+00,b6476aff-b9b7-4dbc-9013-9c24a102f7e1,f,1,0
6ec3bbb1-d05c-4343-80cf-7bd9f02b620a,Drop training initiative #304,1,0,5,,0,2026-08-12 10:30:19.258003+00,2026-07-05 10:30:19.258003+00,2026-07-22 22:30:19.258003+00,b6476aff-b9b7-4dbc-9013-9c24a102f7e1,f,1,0
63618222-9339-4b06-a41a-1ba773b8c2dd,Prepare weekly dispatch summary report #41,2,0,0,,0,2026-07-13 17:12:39.767304+00,2026-07-05 17:12:39.767304+00,2026-07-05 17:12:39.767304+00,b6476aff-b9b7-4dbc-9013-9c24a102f7e1,f,1,0
ffbb8dd0-8c2a-4201-9bb3-d63dba41da13,Process delivery order #2407-0 #11,0,0,3,t,0,2026-07-19 23:12:39.767304+00,2026-07-05 23:12:39.767304+00,2026-07-07 23:12:39.767304+00,45453926-7111-4135-9b99-55848ff0a208,f,1,0
71dca881-3d9d-415a-abb4-facdcfceeaf7,Reschedule missed delivery for reattempt #111,0,1,3,t,0,2026-07-19 01:25:26.312764+00,2026-07-06 01:25:26.312764+00,2026-07-08 01:25:26.312764+00,45453926-7111-4135-9b99-55848ff0a208,f,1,0
c264bec8-4675-4934-82f6-48e2c4220173,Escalate repeated delivery failure address #81,2,1,1,,0,2026-07-10 03:23:32.020828+00,2026-07-06 03:23:32.020828+00,2026-07-25 03:23:32.020828+00,1d9b6bf9-3eba-4c95-b67a-f82cd8f4fe9e,f,1,0
986d6da0-fa9d-4006-b4d1-32c9341b04c0,Update delivery tracking system #56,0,0,3,f,2,2026-07-07 04:23:32.020828+00,2026-07-06 04:23:32.020828+00,2026-07-09 04:23:32.020828+00,45453926-7111-4135-9b99-55848ff0a208,f,2,1
f065fcb1-025f-4c65-92cc-0cc5f2f65d2e,Prepare quarterly business review deck #141,2,1,2,,0,2026-07-21 07:25:26.312764+00,2026-07-06 07:25:26.312764+00,2026-07-25 00:25:26.312764+00,b6476aff-b9b7-4dbc-9013-9c24a102f7e1,f,1,0
b658cd25-ac90-4ee2-bcf2-88822ef62db9,Approve supplier onboarding #219,3,1,2,,0,2026-08-02 10:27:46.291385+00,2026-07-06 10:27:46.291385+00,2026-07-24 15:27:46.291385+00,a7946704-386c-4588-a647-02855ec4261e,f,1,0
cffa1a73-54df-4f41-9f26-8b7be2c477ea,Drop training initiative #344,2,0,5,,0,2026-08-12 10:30:19.258003+00,2026-07-06 10:30:19.258003+00,2026-07-24 11:30:19.258003+00,a7946704-386c-4588-a647-02855ec4261e,f,1,0
eed8f367-fda0-492e-9758-1035f285c19d,Update employee shift schedules #42,2,0,0,,0,2026-07-15 16:12:39.767304+00,2026-07-06 16:12:39.767304+00,2026-07-06 16:12:39.767304+00,b6476aff-b9b7-4dbc-9013-9c24a102f7e1,f,2,1
712bdcd8-a8a5-4b71-a93c-19ab005b458c,Dispatch urgent parcel to Makati #12,0,0,3,t,0,2026-07-09 22:12:39.767304+00,2026-07-06 22:12:39.767304+00,2026-07-09 22:12:39.767304+00,45453926-7111-4135-9b99-55848ff0a208,f,2,1
80728e85-6341-4cdd-98a2-745c759e3afa,Update dispatch board for holiday schedule #112,0,0,3,t,0,2026-07-20 22:25:26.312764+00,2026-07-06 22:25:26.312764+00,2026-07-09 22:25:26.312764+00,45453926-7111-4135-9b99-55848ff0a208,f,1,0
1c7cf8ce-869f-4285-9f0a-6064eedc39a3,Prepare monthly accident report #82,2,0,1,,0,2026-07-12 02:23:32.020828+00,2026-07-07 02:23:32.020828+00,2026-07-25 02:23:32.020828+00,1d9b6bf9-3eba-4c95-b67a-f82cd8f4fe9e,f,1,0
1135524f-e51b-4f86-840e-1f8e3b21bba8,Reconcile fuel consumption records #57,0,1,3,t,0,2026-07-17 03:23:32.020828+00,2026-07-07 03:23:32.020828+00,2026-07-11 03:23:32.020828+00,45453926-7111-4135-9b99-55848ff0a208,f,1,0
8036412d-0dc2-44a6-b742-9e303e03cbe9,Audit shipping carrier performance metrics #142,2,0,2,,0,2026-07-09 04:25:26.312764+00,2026-07-07 04:25:26.312764+00,2026-07-24 22:25:26.312764+00,b6476aff-b9b7-4dbc-9013-9c24a102f7e1,f,1,0
020f3d33-5bd0-43f9-9617-4c30aa6929a5,Complete fuel surcharge #218,2,0,2,,0,2026-08-01 10:27:46.291385+00,2026-07-07 10:27:46.291385+00,2026-07-24 16:27:46.291385+00,b6476aff-b9b7-4dbc-9013-9c24a102f7e1,f,1,0
48f4c598-f8a8-43a8-ab98-5dc98d751c87,Withdraw budget request #343,0,0,5,,0,2026-07-27 10:30:19.258003+00,2026-07-07 10:30:19.258003+00,2026-07-23 08:30:19.258003+00,a7946704-386c-4588-a647-02855ec4261e,f,1,0
8850ffc3-5f25-4fd9-bd52-dc6bf0f4d879,Deprioritize fleet upgrade #360,3,0,5,,0,2026-08-04 10:30:19.258003+00,2026-07-07 10:30:19.258003+00,2026-07-24 07:30:19.258003+00,a7946704-386c-4588-a647-02855ec4261e,f,1,0
49d98394-64c1-4b33-bd7c-a1174a0c3c86,Generate monthly billing statements #43,3,1,0,,1,2026-07-08 15:12:39.767304+00,2026-07-07 15:12:39.767304+00,2026-07-07 15:12:39.767304+00,a7946704-386c-4588-a647-02855ec4261e,t,1,0
2a4ec5db-62ab-40c4-b892-1a0b516b5617,Process rush order for medical equipment #113,0,0,3,f,2,2026-07-09 19:25:26.312764+00,2026-07-07 19:25:26.312764+00,2026-07-11 19:25:26.312764+00,45453926-7111-4135-9b99-55848ff0a208,f,1,0
61c68116-9faa-4c82-ba98-6732f259f651,Route optimization for Manila deliveries #13,0,1,3,t,0,2026-07-11 21:12:39.767304+00,2026-07-07 21:12:39.767304+00,2026-07-11 21:12:39.767304+00,45453926-7111-4135-9b99-55848ff0a208,f,1,0
2988a09c-6eda-417c-b27e-51402c3cfe11,Audit driver overtime hours #83,2,1,1,,0,2026-07-14 01:23:32.020828+00,2026-07-08 01:23:32.020828+00,2026-07-25 01:23:32.020828+00,b6476aff-b9b7-4dbc-9013-9c24a102f7e1,f,1,0
e776fe58-1821-4d9f-b122-f47d499f3bf2,Process inter-department transfer requests #143,2,0,2,,0,2026-07-11 01:25:26.312764+00,2026-07-08 01:25:26.312764+00,2026-07-24 20:25:26.312764+00,b6476aff-b9b7-4dbc-9013-9c24a102f7e1,f,1,0
dadec85a-6e24-438a-ad79-2574947eff97,Sort incoming parcel backlog #58,0,0,3,t,0,2026-07-19 02:23:32.020828+00,2026-07-08 02:23:32.020828+00,2026-07-09 02:23:32.020828+00,45453926-7111-4135-9b99-55848ff0a208,f,1,0
381ba4f6-2e43-4c84-afd2-a51b699ea7e6,Review packing efficiency #217,1,1,2,,0,2026-07-31 10:27:46.291385+00,2026-07-08 10:27:46.291385+00,2026-07-24 17:27:46.291385+00,1d9b6bf9-3eba-4c95-b67a-f82cd8f4fe9e,f,1,0
fac7c1a6-ca92-42d8-a9c5-f60c2e2412f7,Awaiting sign-off inventory #350,3,0,2,,0,2026-08-11 10:30:19.258003+00,2026-07-08 10:30:19.258003+00,2026-07-23 10:30:19.258003+00,a7946704-386c-4588-a647-02855ec4261e,f,1,0
0a734496-9c22-4c85-a4f1-05f50c05ca9a,Review transportation cost analysis #44,3,1,0,,1,2026-07-09 14:12:39.767304+00,2026-07-08 14:12:39.767304+00,2026-07-08 14:12:39.767304+00,a7946704-386c-4588-a647-02855ec4261e,t,1,0
88a946a9-df8c-494c-9fe2-5da48ba786cd,Audit returned parcel condition #114,0,1,3,f,2,2026-07-11 16:25:26.312764+00,2026-07-08 16:25:26.312764+00,2026-07-13 16:25:26.312764+00,45453926-7111-4135-9b99-55848ff0a208,f,1,0
02e05d73-2a08-41b6-be48-ff2aeb58d252,Coordinate same-day delivery batch #14,0,1,3,t,0,2026-07-13 20:12:39.767304+00,2026-07-08 20:12:39.767304+00,2026-07-13 20:12:39.767304+00,45453926-7111-4135-9b99-55848ff0a208,f,1,0
d9d1b7a8-cc37-4ebb-9549-b0f6110241de,Update route optimization algorithm inputs #144,2,1,2,,0,2026-07-12 22:25:26.312764+00,2026-07-08 22:25:26.312764+00,2026-07-24 18:25:26.312764+00,b6476aff-b9b7-4dbc-9013-9c24a102f7e1,f,1,0
967ab985-1167-4bd4-b222-e70fbbce1538,Coordinate overflow storage allocation #84,2,0,2,,0,2026-07-16 00:23:32.020828+00,2026-07-09 00:23:32.020828+00,2026-07-25 00:23:32.020828+00,b6476aff-b9b7-4dbc-9013-9c24a102f7e1,f,1,0
04785d11-5751-47d9-8257-1154464beb87,Assign weekend shift coverage #59,0,1,3,t,0,2026-07-21 01:23:32.020828+00,2026-07-09 01:23:32.020828+00,2026-07-11 01:23:32.020828+00,45453926-7111-4135-9b99-55848ff0a208,f,2,1
1f990b02-4f15-4a2e-9588-c2acf0fce2a3,Finalize temperature report #216,0,0,2,,0,2026-07-30 10:27:46.291385+00,2026-07-09 10:27:46.291385+00,2026-07-24 18:27:46.291385+00,45453926-7111-4135-9b99-55848ff0a208,f,1,0
54c070c7-62f0-40fa-80cf-bdd83ebb7ba7,Approve driver incentive payments #45,3,0,0,,1,2026-07-10 13:12:39.767304+00,2026-07-09 13:12:39.767304+00,2026-07-09 13:12:39.767304+00,a7946704-386c-4588-a647-02855ec4261e,t,1,0
d62a034f-6272-460b-a20f-c248d159af18,Prepare route profitability analysis #115,0,0,3,t,0,2026-07-12 13:25:26.312764+00,2026-07-09 13:25:26.312764+00,2026-07-10 13:25:26.312764+00,45453926-7111-4135-9b99-55848ff0a208,f,1,0
3cb6f05d-6db6-422e-9908-821357e6c16e,Assign driver for Bulacan route #15,0,0,3,t,0,2026-07-15 19:12:39.767304+00,2026-07-09 19:12:39.767304+00,2026-07-10 19:12:39.767304+00,45453926-7111-4135-9b99-55848ff0a208,f,2,1
d05ed6b2-30ce-4965-82f2-ba74b04e5121,Generate daily on-time performance dashboard #145,2,0,2,,0,2026-07-14 19:25:26.312764+00,2026-07-09 19:25:26.312764+00,2026-07-24 16:25:26.312764+00,b6476aff-b9b7-4dbc-9013-9c24a102f7e1,f,1,0
61b8d261-a4ea-470a-93d1-c457fab15d47,Process gift-wrapping service requests #85,2,1,2,,0,2026-07-17 23:23:32.020828+00,2026-07-09 23:23:32.020828+00,2026-07-24 23:23:32.020828+00,b6476aff-b9b7-4dbc-9013-9c24a102f7e1,f,1,0
14abb1de-1094-4f4d-bb99-6e72c74eacf6,Verify proof of delivery images #60,0,0,3,t,0,2026-07-13 00:23:32.020828+00,2026-07-10 00:23:32.020828+00,2026-07-13 00:23:32.020828+00,45453926-7111-4135-9b99-55848ff0a208,f,1,0
e3a6c7e7-bdd6-4f90-bc42-3044a96ed019,Approve delivery zone #215,3,1,2,,0,2026-07-29 10:27:46.291385+00,2026-07-10 10:27:46.291385+00,2026-07-24 19:27:46.291385+00,a7946704-386c-4588-a647-02855ec4261e,f,1,0
44ace09d-bbc4-4aae-80a3-04e7823ef7ad,Ready QA process update #353,0,1,2,,0,2026-08-09 10:30:19.258003+00,2026-07-10 10:30:19.258003+00,2026-07-22 18:30:19.258003+00,45453926-7111-4135-9b99-55848ff0a208,f,1,0
96ce46b2-ecd7-41a0-9733-af5aa6b88b5d,Pending approval route #341,3,0,2,,0,2026-08-05 10:30:19.258003+00,2026-07-10 10:30:19.258003+00,2026-07-24 17:30:19.258003+00,1d9b6bf9-3eba-4c95-b67a-f82cd8f4fe9e,f,1,0
a5ddf8ed-8b4d-4793-8d0e-89c7c488fcda,Audit petty cash for deliveries #46,3,0,0,,1,2026-07-11 12:12:39.767304+00,2026-07-10 12:12:39.767304+00,2026-07-10 12:12:39.767304+00,a7946704-386c-4588-a647-02855ec4261e,t,1,0
4b8c622f-96c2-4974-9fcd-773f1b6fbdf3,Coordinate seasonal workforce hiring #146,2,0,2,,0,2026-07-16 16:25:26.312764+00,2026-07-10 16:25:26.312764+00,2026-07-24 14:25:26.312764+00,b6476aff-b9b7-4dbc-9013-9c24a102f7e1,f,1,0
8fae1df4-7e5a-4c66-80ab-f5d258859ea1,Process return pickup request #16,1,0,3,t,0,2026-07-17 18:12:39.767304+00,2026-07-10 18:12:39.767304+00,2026-07-12 18:12:39.767304+00,45453926-7111-4135-9b99-55848ff0a208,f,1,0
63b2e838-e0df-44d9-a532-acba56851482,Escalate undeliverable package resolution #61,0,1,3,t,0,2026-07-14 23:23:32.020828+00,2026-07-10 23:23:32.020828+00,2026-07-14 23:23:32.020828+00,45453926-7111-4135-9b99-55848ff0a208,f,1,0
b063c080-2962-4127-bd7c-fecd1697b3e5,Update client delivery preference profiles #86,2,0,2,,0,2026-07-20 10:23:32.020828+00,2026-07-11 10:23:32.020828+00,2026-07-24 22:23:32.020828+00,b6476aff-b9b7-4dbc-9013-9c24a102f7e1,f,2,1
fda4299c-9a3b-4289-accb-e9537eedb3d4,Coordinate with customs broker for clearance #116,0,0,3,t,0,2026-07-15 10:25:26.312764+00,2026-07-11 10:25:26.312764+00,2026-07-13 10:25:26.312764+00,45453926-7111-4135-9b99-55848ff0a208,f,1,0
bdd08363-054d-4c2b-beb2-257fdd62d57e,Complete overtime report #214,2,0,2,,0,2026-07-28 10:27:46.291385+00,2026-07-11 10:27:46.291385+00,2026-07-24 20:27:46.291385+00,b6476aff-b9b7-4dbc-9013-9c24a102f7e1,f,1,0
b94dcc93-8810-4b55-b40b-4a74e3299859,Prepare tax deduction summaries #47,3,0,0,,1,2026-07-12 11:12:39.767304+00,2026-07-11 11:12:39.767304+00,2026-07-11 11:12:39.767304+00,a7946704-386c-4588-a647-02855ec4261e,t,1,0
f3673673-0240-4941-bc85-6e01a83c3bf0,Resolve billing discrepancy for freight charges #147,2,1,0,,0,2026-07-18 13:25:26.312764+00,2026-07-11 13:25:26.312764+00,2026-07-11 13:25:26.312764+00,b6476aff-b9b7-4dbc-9013-9c24a102f7e1,f,1,0
42d0ffdf-01c3-4180-98a7-03b5d1bc6a39,Reschedule missed delivery slot #17,1,0,3,f,2,2026-07-15 17:12:39.767304+00,2026-07-11 17:12:39.767304+00,2026-07-14 17:12:39.767304+00,45453926-7111-4135-9b99-55848ff0a208,f,1,0
41fc0559-cd9f-497d-bdbd-fa9268e903f6,Resolve lost package investigation #554 #117,0,1,3,t,0,2026-07-17 07:25:26.312764+00,2026-07-12 07:25:26.312764+00,2026-07-15 07:25:26.312764+00,45453926-7111-4135-9b99-55848ff0a208,f,1,0
9f6a0bb0-aafd-4a70-ae25-319904c2b89d,Generate end-of-day cash reconciliation #87,2,1,2,,0,2026-07-22 09:23:32.020828+00,2026-07-12 09:23:32.020828+00,2026-07-24 21:23:32.020828+00,b6476aff-b9b7-4dbc-9013-9c24a102f7e1,f,1,0
3ad19f54-9d0b-4acb-bde7-345bbdf37794,Optimize cluster route for Pasay area #62,0,0,3,f,2,2026-07-13 10:23:32.020828+00,2026-07-12 10:23:32.020828+00,2026-07-13 10:23:32.020828+00,45453926-7111-4135-9b99-55848ff0a208,f,2,1
dff0ddcf-8af7-4c6b-8fd9-50f11dc64267,Review cross-training #213,1,1,2,,0,2026-08-10 10:27:46.291385+00,2026-07-12 10:27:46.291385+00,2026-07-24 21:27:46.291385+00,1d9b6bf9-3eba-4c95-b67a-f82cd8f4fe9e,f,1,0
d223a0fc-6f90-4ee7-8314-a61fac29f8eb,Submitted for review #322,0,1,2,,0,2026-08-05 10:30:19.258003+00,2026-07-12 10:30:19.258003+00,2026-07-24 20:30:19.258003+00,b6476aff-b9b7-4dbc-9013-9c24a102f7e1,f,1,0
4d96f2dd-d57a-4856-a8a7-ae3f72bda912,Manager review safety #325,0,1,2,,0,2026-07-28 10:30:19.258003+00,2026-07-12 10:30:19.258003+00,2026-07-22 19:30:19.258003+00,a7946704-386c-4588-a647-02855ec4261e,f,1,0
3c396b9d-8088-47ab-b72f-b3d4dacf8907,Deprioritize fleet upgrade #320,1,1,5,,0,2026-07-30 10:30:19.258003+00,2026-07-12 10:30:19.258003+00,2026-07-24 22:30:19.258003+00,a7946704-386c-4588-a647-02855ec4261e,f,1,0
1b24e2cf-d395-4a89-8548-851ad8df61b2,Cancel duplicate data entry #335,1,1,5,,0,2026-08-09 10:30:19.258003+00,2026-07-12 10:30:19.258003+00,2026-07-23 17:30:19.258003+00,1d9b6bf9-3eba-4c95-b67a-f82cd8f4fe9e,f,1,0
ef826a03-f9fd-4933-a424-3d1a13fd754a,Submitted for review #342,0,1,2,,0,2026-08-12 10:30:19.258003+00,2026-07-12 10:30:19.258003+00,2026-07-24 22:30:19.258003+00,a7946704-386c-4588-a647-02855ec4261e,f,1,0
49703f5d-7302-46e6-ab8a-08cb677c8b6e,Withdraw budget request #333,1,1,5,,0,2026-08-10 10:30:19.258003+00,2026-07-12 10:30:19.258003+00,2026-07-23 04:30:19.258003+00,45453926-7111-4135-9b99-55848ff0a208,f,1,0
3faafe61-d2c4-4db4-aed5-53f008ab9b3a,Weekend delivery slot coordination #18,1,1,3,f,2,2026-07-14 16:12:39.767304+00,2026-07-12 16:12:39.767304+00,2026-07-16 16:12:39.767304+00,1d9b6bf9-3eba-4c95-b67a-f82cd8f4fe9e,f,2,1
5908175c-8cc8-40f5-8484-b904be346ea2,Update client SLA compliance records #118,1,0,3,f,2,2026-07-16 04:25:26.312764+00,2026-07-13 04:25:26.312764+00,2026-07-17 04:25:26.312764+00,45453926-7111-4135-9b99-55848ff0a208,f,1,0
fc69afef-ae66-4b4e-987e-c11159b5a85f,Resolve double-charged shipping fee #88,2,0,2,,0,2026-07-24 08:23:32.020828+00,2026-07-13 08:23:32.020828+00,2026-07-24 20:23:32.020828+00,b6476aff-b9b7-4dbc-9013-9c24a102f7e1,f,1,0
7bf70f2b-9804-4ba8-bffa-74c54281fb27,Prepare incident report for damaged shipment #63,0,1,3,f,2,2026-07-15 09:23:32.020828+00,2026-07-13 09:23:32.020828+00,2026-07-15 09:23:32.020828+00,45453926-7111-4135-9b99-55848ff0a208,f,1,0
2c64f77f-5707-4f82-a907-efec73bea6dc,Process vendor payment requests #48,3,1,0,,1,2026-07-14 10:12:39.767304+00,2026-07-13 10:12:39.767304+00,2026-07-13 10:12:39.767304+00,a7946704-386c-4588-a647-02855ec4261e,t,1,0
bb2a9d79-571b-4c49-9e37-df4bd5e0b01d,Process urgent document courier request #148,2,0,0,,0,2026-07-21 10:25:26.312764+00,2026-07-13 10:25:26.312764+00,2026-07-13 10:25:26.312764+00,b6476aff-b9b7-4dbc-9013-9c24a102f7e1,f,2,1
68c7d022-da11-467c-bf82-89ecf8da7bf5,Finalize dispatch SOP #212,0,0,2,,0,2026-08-09 10:27:46.291385+00,2026-07-13 10:27:46.291385+00,2026-07-24 22:27:46.291385+00,45453926-7111-4135-9b99-55848ff0a208,f,1,0
2d3a22c3-6723-40d5-a119-10b0f36753f6,Withdraw fleet plan #236,0,0,5,,0,2026-08-09 10:27:46.29718+00,2026-07-13 10:27:46.29718+00,2026-07-24 22:27:46.29718+00,45453926-7111-4135-9b99-55848ff0a208,f,1,0
627d7b2d-03db-4cf4-a505-b02fd14e5f71,Submitted training complete #347,0,1,2,,0,2026-08-04 10:30:19.258003+00,2026-07-13 10:30:19.258003+00,2026-07-23 16:30:19.258003+00,45453926-7111-4135-9b99-55848ff0a208,f,1,0
32421770-f251-47c8-bc0c-23e1cfbde5ad,Under final review SOP #349,2,0,2,,0,2026-07-26 10:30:19.258003+00,2026-07-13 10:30:19.258003+00,2026-07-23 13:30:19.258003+00,a7946704-386c-4588-a647-02855ec4261e,f,1,0
bca3d638-d830-49cf-87bf-ffb546cc412f,Return logistics for damaged goods #19,1,1,3,f,2,2026-07-16 15:12:39.767304+00,2026-07-13 15:12:39.767304+00,2026-07-18 15:12:39.767304+00,1d9b6bf9-3eba-4c95-b67a-f82cd8f4fe9e,f,1,0
51d365fb-db0c-4b53-8a73-7572e6529479,Process hazardous materials declaration #119,1,0,3,f,2,2026-07-18 01:25:26.312764+00,2026-07-14 01:25:26.312764+00,2026-07-19 01:25:26.312764+00,45453926-7111-4135-9b99-55848ff0a208,f,1,0
378e8cbc-077c-4f95-a60e-1349bd967fae,Review third-party courier performance #89,2,1,0,,0,2026-07-26 07:23:32.020828+00,2026-07-14 07:23:32.020828+00,2026-07-14 07:23:32.020828+00,b6476aff-b9b7-4dbc-9013-9c24a102f7e1,f,1,0
3f1b8d9b-a9bc-4822-a1fb-8e965094e7cb,Update customer return policy implementation #149,2,0,0,,0,2026-07-23 07:25:26.312764+00,2026-07-14 07:25:26.312764+00,2026-07-14 07:25:26.312764+00,b6476aff-b9b7-4dbc-9013-9c24a102f7e1,f,1,0
fb532b99-14bf-4c9f-9b44-d37bf321584d,Audit driver logbook submissions #64,0,0,3,t,0,2026-07-21 08:23:32.020828+00,2026-07-14 08:23:32.020828+00,2026-07-17 08:23:32.020828+00,45453926-7111-4135-9b99-55848ff0a208,f,1,0
5f235959-263d-4ae8-9a31-c46650c17f4b,Calculate per-route profitability #49,3,1,0,,1,2026-07-15 09:12:39.767304+00,2026-07-14 09:12:39.767304+00,2026-07-14 09:12:39.767304+00,a7946704-386c-4588-a647-02855ec4261e,t,1,0
451bb163-23ae-4a8b-ad24-ddc116f5d500,Approve vendor score #211,3,1,2,,0,2026-08-08 10:27:46.291385+00,2026-07-14 10:27:46.291385+00,2026-07-24 23:27:46.291385+00,a7946704-386c-4588-a647-02855ec4261e,f,1,0
55263ae3-b369-438d-a366-5ebf7e524a7e,Cancel supplier audit #235,3,1,5,,0,2026-08-08 10:27:46.29718+00,2026-07-14 10:27:46.29718+00,2026-07-24 23:27:46.29718+00,a7946704-386c-4588-a647-02855ec4261e,f,1,0
9b3e4f8b-139f-408f-91e4-b10111f9da13,Pending coordinator approved #316,0,0,2,,0,2026-08-04 10:30:19.258003+00,2026-07-14 10:30:19.258003+00,2026-07-24 21:30:19.258003+00,45453926-7111-4135-9b99-55848ff0a208,f,1,0
812c16a3-0105-4abb-b00a-c428923c883c,Express delivery to Clark Freeport #20,1,0,3,t,0,2026-07-25 14:12:39.767304+00,2026-07-14 14:12:39.767304+00,2026-07-15 14:12:39.767304+00,1d9b6bf9-3eba-4c95-b67a-f82cd8f4fe9e,f,1,0
f671c29f-36fc-4317-b828-34eaa548252e,Generate monthly on-time delivery summary #120,1,1,3,t,0,2026-07-22 22:25:26.312764+00,2026-07-14 22:25:26.312764+00,2026-07-15 22:25:26.312764+00,45453926-7111-4135-9b99-55848ff0a208,f,2,1
fd06cff2-2a86-4abe-800d-542a18d1bae6,Verify temperature excursion reports for pharma #150,2,1,0,,0,2026-07-25 04:25:26.312764+00,2026-07-15 04:25:26.312764+00,2026-07-15 04:25:26.312764+00,b6476aff-b9b7-4dbc-9013-9c24a102f7e1,f,1,0
afe93b8a-e3ae-4afd-b850-2d3df66b358c,Coordinate cross-border shipment docs #90,2,0,0,,0,2026-07-18 06:23:32.020828+00,2026-07-15 06:23:32.020828+00,2026-07-15 06:23:32.020828+00,b6476aff-b9b7-4dbc-9013-9c24a102f7e1,f,1,0
3b353b47-0c6f-4041-9714-3a5bcc93eec6,Process cash-on-delivery remittance #65,1,1,3,t,0,2026-07-23 07:23:32.020828+00,2026-07-15 07:23:32.020828+00,2026-07-19 07:23:32.020828+00,45453926-7111-4135-9b99-55848ff0a208,f,2,1
4ab9b308-1ffd-432f-8ee7-90938f6b6cf1,Generate end-of-month financial report #50,3,0,0,,1,2026-07-16 08:12:39.767304+00,2026-07-15 08:12:39.767304+00,2026-07-15 08:12:39.767304+00,a7946704-386c-4588-a647-02855ec4261e,t,1,0
bd7d8d1b-396f-4c4f-83ba-c8a5a484b928,Complete asset depreciation #210,2,0,2,,0,2026-08-07 10:27:46.291385+00,2026-07-15 10:27:46.291385+00,2026-07-25 00:27:46.291385+00,b6476aff-b9b7-4dbc-9013-9c24a102f7e1,f,1,0
53da3ab0-8e5f-4398-acbe-457ffe6f272d,Drop lease review #234,2,0,5,,0,2026-08-07 10:27:46.29718+00,2026-07-15 10:27:46.29718+00,2026-07-25 00:27:46.29718+00,b6476aff-b9b7-4dbc-9013-9c24a102f7e1,f,1,0
5e5d5c34-1e54-445c-9c5b-47cf43ba4ac3,Update emergency contacts #246,2,0,1,,0,2026-08-07 10:27:46.298919+00,2026-07-15 10:27:46.298919+00,2026-07-25 00:27:46.298919+00,b6476aff-b9b7-4dbc-9013-9c24a102f7e1,f,1,0
947d89ac-aae2-414f-801a-eb9d8a98f5ce,Under final review SOP #359,3,0,2,,0,2026-08-04 10:30:19.258003+00,2026-07-15 10:30:19.258003+00,2026-07-25 01:30:19.258003+00,a7946704-386c-4588-a647-02855ec4261e,f,1,0
73e2e7ef-2cc2-4fe7-aacc-93f60ce33225,Under final review SOP #319,3,1,2,,0,2026-08-04 10:30:19.258003+00,2026-07-15 10:30:19.258003+00,2026-07-23 07:30:19.258003+00,1d9b6bf9-3eba-4c95-b67a-f82cd8f4fe9e,f,1,0
275a968c-0e4d-4d97-a3a5-d006c653f330,Delicate electronics delivery to BGC #21,1,0,5,,0,2026-07-27 13:12:39.767304+00,2026-07-15 13:12:39.767304+00,2026-07-17 13:12:39.767304+00,1d9b6bf9-3eba-4c95-b67a-f82cd8f4fe9e,f,2,1
a42e36da-a8c0-4a5a-861e-20fdafc3b368,Coordinate overflow warehouse allocation #121,1,0,3,t,0,2026-07-24 19:25:26.312764+00,2026-07-15 19:25:26.312764+00,2026-07-17 19:25:26.312764+00,1d9b6bf9-3eba-4c95-b67a-f82cd8f4fe9e,f,1,0
e5397a22-9d00-4bbe-a8fc-8b2f89633500,Prepare annual logistics budget forecast #151,3,0,0,,1,2026-07-17 01:25:26.312764+00,2026-07-16 01:25:26.312764+00,2026-07-16 01:25:26.312764+00,b6476aff-b9b7-4dbc-9013-9c24a102f7e1,t,1,0
e1e838d4-924c-4b7e-9624-c015f4a0dfeb,Process urgent same-day Cebu delivery #91,2,1,0,,0,2026-07-20 05:23:32.020828+00,2026-07-16 05:23:32.020828+00,2026-07-16 05:23:32.020828+00,b6476aff-b9b7-4dbc-9013-9c24a102f7e1,f,1,0
13646935-9bb7-4ff2-ab78-395d01ac8f42,Coordinate with warehouse for restock #66,1,0,3,t,0,2026-07-25 06:23:32.020828+00,2026-07-16 06:23:32.020828+00,2026-07-17 06:23:32.020828+00,45453926-7111-4135-9b99-55848ff0a208,f,1,0
7914a315-8e63-4fbd-b99e-a32596a9497f,Review shipment exceptions #209,1,1,2,,0,2026-08-06 10:27:46.291385+00,2026-07-16 10:27:46.291385+00,2026-07-25 01:27:46.291385+00,1d9b6bf9-3eba-4c95-b67a-f82cd8f4fe9e,f,1,0
f4b2f212-60ee-43d3-b516-8a9f813710a2,Cancel training update #233,1,1,5,,0,2026-08-06 10:27:46.29718+00,2026-07-16 10:27:46.29718+00,2026-07-25 01:27:46.29718+00,1d9b6bf9-3eba-4c95-b67a-f82cd8f4fe9e,f,1,0
6f0be94a-d742-4983-812c-177584699057,Gather KPI data #245,1,1,1,,0,2026-08-06 10:27:46.298919+00,2026-07-16 10:27:46.298919+00,2026-07-25 01:27:46.298919+00,1d9b6bf9-3eba-4c95-b67a-f82cd8f4fe9e,f,1,0
50191b72-9e75-4342-8692-bb8b806d9da0,Manager review safety #305,1,1,2,,0,2026-08-07 10:30:19.258003+00,2026-07-16 10:30:19.258003+00,2026-07-23 12:30:19.258003+00,a7946704-386c-4588-a647-02855ec4261e,f,1,0
cccc9410-ba65-4b74-b5a5-c2928c835c62,Ready QA process update #323,1,0,2,,0,2026-08-06 10:30:19.258003+00,2026-07-16 10:30:19.258003+00,2026-07-24 13:30:19.258003+00,45453926-7111-4135-9b99-55848ff0a208,f,1,0
15109868-6182-48a5-9c22-709fe403b529,Temperature-controlled shipment to Alabang #22,1,0,5,,0,2026-07-29 12:12:39.767304+00,2026-07-16 12:12:39.767304+00,2026-07-19 12:12:39.767304+00,1d9b6bf9-3eba-4c95-b67a-f82cd8f4fe9e,f,1,0
b80ff49d-6fc0-4fb5-84c9-522f09504d78,Verify driver license renewals #122,1,0,3,t,0,2026-07-26 16:25:26.312764+00,2026-07-16 16:25:26.312764+00,2026-07-19 16:25:26.312764+00,1d9b6bf9-3eba-4c95-b67a-f82cd8f4fe9e,f,1,0
77748bc7-01b8-436c-bf7f-2d6760599a2c,Audit third-party warehouse compliance #152,3,0,0,,1,2026-07-17 22:25:26.312764+00,2026-07-16 22:25:26.312764+00,2026-07-16 22:25:26.312764+00,b6476aff-b9b7-4dbc-9013-9c24a102f7e1,t,1,0
88560ffb-4bda-4171-adf8-1e46d17231fb,Audit returned inventory condition report #92,3,0,0,,1,2026-07-18 04:23:32.020828+00,2026-07-17 04:23:32.020828+00,2026-07-17 04:23:32.020828+00,b6476aff-b9b7-4dbc-9013-9c24a102f7e1,t,2,1
9e036fc5-9254-4d9e-87a3-fd9cfb2e1f87,Reschedule weather-delayed deliveries #67,1,1,3,t,0,2026-07-27 05:23:32.020828+00,2026-07-17 05:23:32.020828+00,2026-07-19 05:23:32.020828+00,45453926-7111-4135-9b99-55848ff0a208,f,1,0
475e60a2-b643-4d07-9bfb-418253e05b1f,Finalize route change #208,0,0,2,,0,2026-08-05 10:27:46.291385+00,2026-07-17 10:27:46.291385+00,2026-07-25 02:27:46.291385+00,45453926-7111-4135-9b99-55848ff0a208,f,1,0
eedbb3f5-4d35-4d91-8b6c-cac9691ed1f8,Withdraw pilot program #232,0,0,5,,0,2026-08-05 10:27:46.29718+00,2026-07-17 10:27:46.29718+00,2026-07-25 02:27:46.29718+00,45453926-7111-4135-9b99-55848ff0a208,f,1,0
f39c95cc-7b2d-47e5-b5e4-d48088cff0d6,Draft delivery policy #244,0,0,1,,0,2026-08-05 10:27:46.298919+00,2026-07-17 10:27:46.298919+00,2026-07-25 02:27:46.298919+00,45453926-7111-4135-9b99-55848ff0a208,f,1,0
216f090b-deee-4221-958e-0881cfcffe71,Bulk office supplies to Quezon City #23,1,1,5,,0,2026-07-31 11:12:39.767304+00,2026-07-17 11:12:39.767304+00,2026-07-21 11:12:39.767304+00,1d9b6bf9-3eba-4c95-b67a-f82cd8f4fe9e,f,1,0
2b2c303c-a324-47f0-80aa-a049ac08c350,Prepare incident investigation report #123,1,1,3,f,2,2026-07-21 13:25:26.312764+00,2026-07-17 13:25:26.312764+00,2026-07-21 13:25:26.312764+00,1d9b6bf9-3eba-4c95-b67a-f82cd8f4fe9e,f,1,0
eafe28e4-90ee-417c-932f-7ded32eddc98,Process bulk pallet shipment to regional hub #153,3,1,0,,1,2026-07-18 19:25:26.312764+00,2026-07-17 19:25:26.312764+00,2026-07-17 19:25:26.312764+00,a7946704-386c-4588-a647-02855ec4261e,t,1,0
18ed83a7-6ab2-4487-a654-398c2c35eb97,Prepare quarterly logistics cost analysis #93,3,1,0,,1,2026-07-19 03:23:32.020828+00,2026-07-18 03:23:32.020828+00,2026-07-18 03:23:32.020828+00,b6476aff-b9b7-4dbc-9013-9c24a102f7e1,t,1,0
6f6b5875-517d-43e1-a490-f1f1aee2a594,Verify returned merchandise condition #68,1,0,3,t,0,2026-07-29 04:23:32.020828+00,2026-07-18 04:23:32.020828+00,2026-07-21 04:23:32.020828+00,45453926-7111-4135-9b99-55848ff0a208,f,2,1
90e3fee2-1016-4301-b9f0-a8d2d545ff89,Approve hazard permit #207,3,1,2,,0,2026-08-04 10:27:46.291385+00,2026-07-18 10:27:46.291385+00,2026-07-25 03:27:46.291385+00,a7946704-386c-4588-a647-02855ec4261e,f,1,0
980231f8-766e-448f-94f8-40d34f155480,Abandon inventory disposal #231,3,1,5,,0,2026-08-04 10:27:46.29718+00,2026-07-18 10:27:46.29718+00,2026-07-25 03:27:46.29718+00,a7946704-386c-4588-a647-02855ec4261e,f,1,0
0dd3cc6f-3218-492d-8065-29a8fbf60148,Coordinate fleet inspection #243,3,1,1,,0,2026-08-04 10:27:46.298919+00,2026-07-18 10:27:46.298919+00,2026-07-25 03:27:46.298919+00,a7946704-386c-4588-a647-02855ec4261e,f,1,0
e83d2429-a979-4d56-bf14-bcf0315df731,Cancel equipment order #339,3,1,5,,0,2026-07-31 10:30:19.258003+00,2026-07-18 10:30:19.258003+00,2026-07-23 21:30:19.258003+00,1d9b6bf9-3eba-4c95-b67a-f82cd8f4fe9e,f,1,0
830c0751-d9dc-45e0-9bf7-909a627b7133,Coordinate emergency after-hours delivery #154,3,0,0,,1,2026-07-19 16:25:26.312764+00,2026-07-18 16:25:26.312764+00,2026-07-18 16:25:26.312764+00,a7946704-386c-4588-a647-02855ec4261e,t,1,0
edc3d1cb-c14d-4901-9056-af66f3548f2c,Resolve missing parcel investigation #8192 #94,3,0,0,,1,2026-07-20 02:23:32.020828+00,2026-07-19 02:23:32.020828+00,2026-07-19 02:23:32.020828+00,b6476aff-b9b7-4dbc-9013-9c24a102f7e1,t,1,0
7f0bbd9e-df88-4e36-b9e7-0e6ac8c86b52,Update customer contact details in system #69,1,1,3,f,2,2026-07-21 03:23:32.020828+00,2026-07-19 03:23:32.020828+00,2026-07-23 03:23:32.020828+00,1d9b6bf9-3eba-4c95-b67a-f82cd8f4fe9e,f,1,0
00087439-9765-4963-834e-97494e9d78cb,Last-mile delivery for online order #8812 #24,1,1,5,,0,2026-07-22 10:12:39.767304+00,2026-07-19 10:12:39.767304+00,2026-07-24 10:12:39.767304+00,1d9b6bf9-3eba-4c95-b67a-f82cd8f4fe9e,f,2,1
29a3f8a4-6572-4cb7-b0f0-f028e820a019,Audit proof-of-delivery signature matches #124,1,0,3,f,2,2026-07-20 10:25:26.312764+00,2026-07-19 10:25:26.312764+00,2026-07-24 10:25:26.312764+00,1d9b6bf9-3eba-4c95-b67a-f82cd8f4fe9e,f,2,1
65e14b86-30ca-4ce9-87bb-ed74e545f0b8,Complete logistics audit #206,2,0,2,,0,2026-08-03 10:27:46.291385+00,2026-07-19 10:27:46.291385+00,2026-07-25 04:27:46.291385+00,b6476aff-b9b7-4dbc-9013-9c24a102f7e1,f,1,0
a5edcc3b-4625-480f-a294-d58eb4fc8160,Drop route study #230,2,0,5,,0,2026-08-03 10:27:46.29718+00,2026-07-19 10:27:46.29718+00,2026-07-25 04:27:46.29718+00,b6476aff-b9b7-4dbc-9013-9c24a102f7e1,f,1,0
19d7fa70-8077-4030-b5c1-6a278208013b,Audit access logs #242,2,0,1,,0,2026-08-03 10:27:46.298919+00,2026-07-19 10:27:46.298919+00,2026-07-25 04:27:46.298919+00,b6476aff-b9b7-4dbc-9013-9c24a102f7e1,f,1,0
d71bab4f-bdde-4dce-93d3-05e24042abe9,Resolve missing delivery confirmation #648 #155,3,0,0,,1,2026-07-20 13:25:26.312764+00,2026-07-19 13:25:26.312764+00,2026-07-19 13:25:26.312764+00,a7946704-386c-4588-a647-02855ec4261e,t,1,0
982f3bcf-9f50-4972-9997-6e72dca592fc,Update warehouse layout for efficiency #95,3,1,0,,1,2026-07-21 01:23:32.020828+00,2026-07-20 01:23:32.020828+00,2026-07-20 01:23:32.020828+00,a7946704-386c-4588-a647-02855ec4261e,t,1,0
69f881b1-1db9-48fe-85a5-affec6e60c3c,Generate daily dispatch performance report #70,1,0,3,f,2,2026-07-23 02:23:32.020828+00,2026-07-20 02:23:32.020828+00,2026-07-21 02:23:32.020828+00,1d9b6bf9-3eba-4c95-b67a-f82cd8f4fe9e,f,1,0
d35aebe3-8325-4741-92c7-5cb0401073f4,Process expedited shipping for VIP client #125,1,0,3,t,0,2026-08-02 07:25:26.312764+00,2026-07-20 07:25:26.312764+00,2026-07-21 07:25:26.312764+00,1d9b6bf9-3eba-4c95-b67a-f82cd8f4fe9e,f,1,0
3e2b122d-e87a-4701-9a67-21a44571af70,Cross-dock transfer to Pasig warehouse #25,1,0,5,,0,2026-07-24 09:12:39.767304+00,2026-07-20 09:12:39.767304+00,2026-07-21 09:12:39.767304+00,1d9b6bf9-3eba-4c95-b67a-f82cd8f4fe9e,f,1,0
1ead8350-658c-45e2-b8d1-4ad798287fce,Finalize customer refund #205,1,1,2,,0,2026-08-02 10:27:46.291385+00,2026-07-20 10:27:46.291385+00,2026-07-25 05:27:46.291385+00,1d9b6bf9-3eba-4c95-b67a-f82cd8f4fe9e,f,1,0
5ba84b7e-6a51-4897-8cd7-ef506e51c626,Cancel overtime batch #229,1,1,5,,0,2026-08-02 10:27:46.29718+00,2026-07-20 10:27:46.29718+00,2026-07-25 05:27:46.29718+00,1d9b6bf9-3eba-4c95-b67a-f82cd8f4fe9e,f,1,0
8923610a-729f-4830-83b7-e04f09a4fe27,Prepare logistics brief #241,1,1,1,,0,2026-08-02 10:27:46.298919+00,2026-07-20 10:27:46.298919+00,2026-07-25 05:27:46.298919+00,1d9b6bf9-3eba-4c95-b67a-f82cd8f4fe9e,f,1,0
13d81604-d32b-4de5-a138-e487ad92ed39,Stop inactive supplier audit #357,1,1,5,,0,2026-08-08 10:30:19.258003+00,2026-07-20 10:30:19.258003+00,2026-07-24 10:30:19.258003+00,a7946704-386c-4588-a647-02855ec4261e,f,1,0
a1b285b9-0aaa-46a3-a174-cf39c6713c83,End pilot program early #356,0,0,5,,0,2026-07-29 10:30:19.258003+00,2026-07-20 10:30:19.258003+00,2026-07-23 15:30:19.258003+00,a7946704-386c-4588-a647-02855ec4261e,f,1,0
e9c4891d-965e-4354-b3a1-c1e96161aa5d,Cancel duplicate data entry #355,3,0,5,,0,2026-08-03 10:30:19.258003+00,2026-07-20 10:30:19.258003+00,2026-07-24 09:30:19.258003+00,b6476aff-b9b7-4dbc-9013-9c24a102f7e1,f,1,0
21e95085-20db-4d4d-bd19-be16788110a6,Coordinate training for new dispatchers #96,3,0,0,,1,2026-07-22 00:23:32.020828+00,2026-07-21 00:23:32.020828+00,2026-07-21 00:23:32.020828+00,a7946704-386c-4588-a647-02855ec4261e,t,1,0
810790f7-5e8b-424b-8dd8-5ab47292e6a7,Review vehicle insurance renewals #71,1,1,5,,0,2026-07-25 01:23:32.020828+00,2026-07-21 01:23:32.020828+00,2026-07-23 01:23:32.020828+00,1d9b6bf9-3eba-4c95-b67a-f82cd8f4fe9e,f,2,1
abdc3bd8-629e-4686-bca6-fcd8d48787de,Update delivery zone mapping #126,1,1,5,,0,2026-08-04 04:25:26.312764+00,2026-07-21 04:25:26.312764+00,2026-07-23 04:25:26.312764+00,1d9b6bf9-3eba-4c95-b67a-f82cd8f4fe9e,f,1,0
30b44a58-ea5d-48b4-a19d-42b3bba182f9,Priority pharmaceutical delivery #26,1,0,1,,0,2026-07-26 08:12:39.767304+00,2026-07-21 08:12:39.767304+00,2026-07-22 10:12:39.767304+00,1d9b6bf9-3eba-4c95-b67a-f82cd8f4fe9e,f,1,0
e4a8335e-f406-4624-a898-8e234d991c5c,Update warehouse management system records #156,3,1,0,,1,2026-07-22 10:25:26.312764+00,2026-07-21 10:25:26.312764+00,2026-07-21 10:25:26.312764+00,a7946704-386c-4588-a647-02855ec4261e,t,1,0
32f37b38-32da-44c6-ad10-6ff775c04b7c,Review driver compliance #204,0,0,2,,0,2026-08-01 10:27:46.291385+00,2026-07-21 10:27:46.291385+00,2026-07-25 06:27:46.291385+00,45453926-7111-4135-9b99-55848ff0a208,f,1,0
6f66c780-f72a-46a9-9498-eb55f40e9e03,Finalize cargo audit #224,0,0,2,,0,2026-08-07 10:27:46.291385+00,2026-07-21 10:27:46.291385+00,2026-07-24 10:27:46.291385+00,45453926-7111-4135-9b99-55848ff0a208,f,1,0
9ef4e707-8d08-4f2e-821a-28c5f2029847,Withdraw SOP proposal #228,0,0,5,,0,2026-08-01 10:27:46.29718+00,2026-07-21 10:27:46.29718+00,2026-07-25 06:27:46.29718+00,45453926-7111-4135-9b99-55848ff0a208,f,1,0
8d818dcf-94ec-4675-9dd5-a4316f77e2cf,Review handling procedure #240,0,0,1,,0,2026-08-01 10:27:46.298919+00,2026-07-21 10:27:46.298919+00,2026-07-25 06:27:46.298919+00,45453926-7111-4135-9b99-55848ff0a208,f,1,0
762794c2-5178-4602-8667-4b61aa4bde0f,Cancel duplicate data entry #345,3,1,5,,0,2026-08-12 10:30:19.258003+00,2026-07-21 10:30:19.258003+00,2026-07-23 01:30:19.258003+00,1d9b6bf9-3eba-4c95-b67a-f82cd8f4fe9e,f,1,0
a82baf7f-87e4-4887-910e-59a637f605d6,Process VIP client handling instructions #97,3,1,0,,1,2026-07-22 23:23:32.020828+00,2026-07-21 23:23:32.020828+00,2026-07-21 23:23:32.020828+00,a7946704-386c-4588-a647-02855ec4261e,t,1,0
575f5b41-64fb-49e1-a280-f421ac919af5,Coordinate special handling for fragile items #72,1,0,5,,0,2026-07-27 00:23:32.020828+00,2026-07-22 00:23:32.020828+00,2026-07-25 00:23:32.020828+00,1d9b6bf9-3eba-4c95-b67a-f82cd8f4fe9e,f,1,0
9a7cac2f-b2c7-4b60-9fd7-af6ed642179a,Coordinate cold chain logistics training #127,1,0,5,,0,2026-08-06 01:25:26.312764+00,2026-07-22 01:25:26.312764+00,2026-07-25 01:25:26.312764+00,1d9b6bf9-3eba-4c95-b67a-f82cd8f4fe9e,f,1,0
75502e33-b36c-4179-b3bc-d3616733074a,Furniture delivery with install team #27,1,0,1,,0,2026-07-28 07:12:39.767304+00,2026-07-22 07:12:39.767304+00,2026-07-24 07:12:39.767304+00,1d9b6bf9-3eba-4c95-b67a-f82cd8f4fe9e,f,2,1
a96128c4-6900-4cac-99af-1226af9fc51f,Generate weekly distributor performance scorecard #157,3,0,0,,1,2026-07-23 07:25:26.312764+00,2026-07-22 07:25:26.312764+00,2026-07-22 07:25:26.312764+00,a7946704-386c-4588-a647-02855ec4261e,t,1,0
cf16c91d-e686-4afc-92c4-71ab96a727b6,Complete warehouse slotting #203,3,1,2,,0,2026-07-31 10:27:46.291385+00,2026-07-22 10:27:46.291385+00,2026-07-25 07:27:46.291385+00,a7946704-386c-4588-a647-02855ec4261e,f,1,0
3bac6aab-522d-4fba-bfa0-70b4cf97171f,Approve shift payout #223,3,1,2,,0,2026-08-06 10:27:46.291385+00,2026-07-22 10:27:46.291385+00,2026-07-24 11:27:46.291385+00,a7946704-386c-4588-a647-02855ec4261e,f,1,0
5357c51a-ea17-4954-bd1b-2b05947edc57,Abandon legacy migration #227,3,1,5,,0,2026-07-31 10:27:46.29718+00,2026-07-22 10:27:46.29718+00,2026-07-25 07:27:46.29718+00,a7946704-386c-4588-a647-02855ec4261e,f,1,0
8d87097e-553a-4775-b012-db92a46674f4,Update driver files #239,3,1,1,,0,2026-07-31 10:27:46.298919+00,2026-07-22 10:27:46.298919+00,2026-07-25 07:27:46.298919+00,a7946704-386c-4588-a647-02855ec4261e,f,1,0
b8cffff4-87ef-4fa5-b8c1-ca62f467ecac,Manager review safety #315,2,0,2,,0,2026-08-06 10:30:19.258003+00,2026-07-22 10:30:19.258003+00,2026-07-25 06:30:19.258003+00,45453926-7111-4135-9b99-55848ff0a208,f,1,0
dc41cde6-59bf-4e25-a310-b5a0210c1565,Awaiting sign-off inventory #340,1,0,2,,0,2026-07-31 10:30:19.258003+00,2026-07-22 10:30:19.258003+00,2026-07-22 23:30:19.258003+00,b6476aff-b9b7-4dbc-9013-9c24a102f7e1,f,1,0
844e29c7-3e3c-4482-87db-d22448a02cb8,Resolve duplicate order shipment #372 #128,1,0,5,,0,2026-07-24 22:25:26.312764+00,2026-07-22 22:25:26.312764+00,2026-07-26 22:25:26.312764+00,1d9b6bf9-3eba-4c95-b67a-f82cd8f4fe9e,f,2,1
2fb81a7f-76fc-4e6d-84f7-4d30accf7bf2,Process urgent medical supply delivery #73,1,1,5,,0,2026-07-28 23:23:32.020828+00,2026-07-22 23:23:32.020828+00,2026-07-26 23:23:32.020828+00,1d9b6bf9-3eba-4c95-b67a-f82cd8f4fe9e,f,1,0
022aa13a-1ade-4085-b31e-bcabaf6f8ee5,Test Task for Suitability,0,0,3,t,0,2026-07-30 12:00:00+00,2026-07-23 03:23:58.062388+00,2026-07-23 05:48:35.401629+00,1d9b6bf9-3eba-4c95-b67a-f82cd8f4fe9e,f,3,1
24ceaa58-306c-484b-bfde-a1063ec508ae,Test Suitability Task,0,1,3,t,0,2026-08-23 12:00:00+00,2026-07-23 03:28:40.651737+00,2026-07-23 05:48:35.401629+00,45453926-7111-4135-9b99-55848ff0a208,f,4,1
0c3cc22a-2689-4546-bd72-ee647fa433e0,Urgent Test Task,3,0,3,f,0,2026-07-24 03:29:04.920499+00,2026-07-23 03:29:04.920499+00,2026-07-23 05:48:35.626684+00,45453926-7111-4135-9b99-55848ff0a208,t,4,1
8311edf4-7672-4b98-89f0-c1b7a0d702a6,Suitability Test,0,0,3,t,0,2026-08-01 12:00:00+00,2026-07-23 03:32:07.316999+00,2026-07-23 05:48:35.401629+00,45453926-7111-4135-9b99-55848ff0a208,f,4,1
1fbc0d8d-4d25-49b3-bbb5-6297d5fa63e2,Urgent Test,3,0,3,f,0,2026-07-24 03:32:21.709009+00,2026-07-23 03:32:21.709009+00,2026-07-23 05:48:35.626684+00,45453926-7111-4135-9b99-55848ff0a208,t,4,1
d946de8c-0ee3-46ff-8b81-2e6dbd94ccd7,Test Task 1 - P1 C1,1,1,1,,0,2026-08-15 12:00:00+00,2026-07-23 03:37:37.564364+00,2026-07-22 10:12:39.767304+00,1d9b6bf9-3eba-4c95-b67a-f82cd8f4fe9e,f,3,1
304d73a0-0833-4253-a4bb-ec46572e2597,Test Task 2 - P2 C0,2,0,3,f,0,2026-07-25 12:00:00+00,2026-07-23 03:37:48.105246+00,2026-07-23 05:48:35.626684+00,b6476aff-b9b7-4dbc-9013-9c24a102f7e1,f,1,0
7d47dd4e-37ee-4dcc-a34f-0fa11aee4bfe,Test Task 4 - P0 C0,0,0,3,t,0,2026-08-15 12:00:00+00,2026-07-23 03:37:51.235808+00,2026-07-23 05:48:35.401629+00,45453926-7111-4135-9b99-55848ff0a208,f,4,1
f5a95238-bc8a-41d7-84cd-7b575a498b23,Test Task 5 - P1 C1,1,1,1,,0,2026-07-25 12:00:00+00,2026-07-23 03:38:05.112273+00,2026-07-22 10:12:39.767304+00,1d9b6bf9-3eba-4c95-b67a-f82cd8f4fe9e,f,3,1
e6333e08-2bc3-4d08-995f-4fb03f8944d1,Test Task 6 - P2 C0,2,0,0,,0,2026-07-30 12:00:00+00,2026-07-23 03:38:15.358452+00,,b6476aff-b9b7-4dbc-9013-9c24a102f7e1,f,1,0
55b5c419-0f9d-4685-b355-d056b6bd36aa,Test Task 8 - P0 C0,0,0,3,t,0,2026-07-25 12:00:00+00,2026-07-23 03:38:18.329659+00,2026-07-23 05:48:35.401629+00,45453926-7111-4135-9b99-55848ff0a208,f,4,1
856e309c-9e5a-42df-9201-316d788f6842,Test Task 9 - P1 C1,1,1,0,,0,2026-07-30 12:00:00+00,2026-07-23 03:38:30.88608+00,,1d9b6bf9-3eba-4c95-b67a-f82cd8f4fe9e,f,3,1
30f8507b-d076-4ab6-a58d-e7e418d77cd8,Test Task 10 - P2 C0,2,0,0,,0,2026-08-15 12:00:00+00,2026-07-23 03:38:41.169574+00,,b6476aff-b9b7-4dbc-9013-9c24a102f7e1,f,1,0
bfe47b27-4284-4f16-aa7c-5f497533db9f,Test Task 12 - P0 C0,0,0,0,,0,2026-07-30 12:00:00+00,2026-07-23 03:38:44.098006+00,,45453926-7111-4135-9b99-55848ff0a208,f,4,1
2fb7342e-689a-450e-925f-5b7f75438960,Test Task 13 - P1 C1,1,1,0,,0,2026-08-15 12:00:00+00,2026-07-23 03:38:56.438952+00,,1d9b6bf9-3eba-4c95-b67a-f82cd8f4fe9e,f,3,1
71f18543-2d73-43c7-b995-67e7e301159b,Test Task 14 - P2 C0,2,0,0,,0,2026-07-25 12:00:00+00,2026-07-23 03:39:06.142189+00,,b6476aff-b9b7-4dbc-9013-9c24a102f7e1,f,1,0
47ab8ed5-5dcb-484f-b422-ad8ad7e4bda7,Test Task 16 - P0 C0,0,0,0,,0,2026-08-15 12:00:00+00,2026-07-23 03:39:09.075826+00,,45453926-7111-4135-9b99-55848ff0a208,f,4,1
3486bbc5-f23b-4d28-b14f-75b5f57aee8d,Test Task 17 - P1 C1,1,1,0,,0,2026-07-25 12:00:00+00,2026-07-23 03:39:22.417101+00,,1d9b6bf9-3eba-4c95-b67a-f82cd8f4fe9e,f,3,1
622ac8ec-ec1f-42c7-916f-4a22b7fb9550,Test Task 18 - P2 C0,2,0,0,,0,2026-07-30 12:00:00+00,2026-07-23 03:39:32.768623+00,,b6476aff-b9b7-4dbc-9013-9c24a102f7e1,f,1,0
8adb1671-f351-4427-9f9c-ff40b18dea3b,Test Task 20 - P0 C0,0,0,0,,0,2026-07-25 12:00:00+00,2026-07-23 03:39:35.953608+00,,45453926-7111-4135-9b99-55848ff0a208,f,4,1
bc1ab3b4-be3e-4c25-9834-48ec8e978498,Urgent No Deadline,3,0,0,,1,2026-07-24 03:39:53.544885+00,2026-07-23 03:39:53.544885+00,,45453926-7111-4135-9b99-55848ff0a208,t,4,1
b9e7e605-d60e-4f72-94b7-a8135487b9fa,Urgent With Deadline,3,0,0,,1,2026-07-24 03:40:05.692833+00,2026-07-23 03:40:05.692833+00,,45453926-7111-4135-9b99-55848ff0a208,t,4,1
84530304-a07b-4629-a236-eec12d0a1f8c,Non-Urgent Future,0,0,0,,0,2026-08-01 12:00:00+00,2026-07-23 03:40:20.1476+00,,45453926-7111-4135-9b99-55848ff0a208,f,4,1
c9772d26-80e3-4189-bc19-2d1d274df44f,TrainTask1,1,1,5,,0,2026-08-15 12:00:00+00,2026-07-23 03:41:04.708431+00,2026-07-23 03:45:01.5875+00,1d9b6bf9-3eba-4c95-b67a-f82cd8f4fe9e,f,3,1
3859215a-e0c5-440e-8986-344e77d82516,TrainTask2,2,0,5,,0,2026-07-25 12:00:00+00,2026-07-23 03:41:13.615683+00,2026-07-23 03:45:26.228094+00,b6476aff-b9b7-4dbc-9013-9c24a102f7e1,f,1,0
fce7f968-709a-464c-9e97-ea8f5cea38ee,TrainTask3,3,1,5,,1,2026-07-24 03:41:17.396411+00,2026-07-23 03:41:17.396411+00,2026-07-23 03:45:32.235745+00,45453926-7111-4135-9b99-55848ff0a208,t,4,1
3b7c1dc3-ce74-4f60-bc9f-f111085e1c0e,TrainTask4,0,0,5,,0,2026-08-15 12:00:00+00,2026-07-23 03:41:30.098572+00,2026-07-23 03:45:47.261971+00,1d9b6bf9-3eba-4c95-b67a-f82cd8f4fe9e,f,3,1
92d77164-5cc6-4d74-b3a0-305e82256708,TrainTask5,1,1,5,,0,2026-07-25 12:00:00+00,2026-07-23 03:41:44.451178+00,2026-07-23 03:46:00.016448+00,b6476aff-b9b7-4dbc-9013-9c24a102f7e1,f,1,0
db7eb151-9a16-4272-9240-aa2f020bb857,TrainTask6,2,0,5,,0,2026-07-30 12:00:00+00,2026-07-23 03:41:48.132153+00,2026-07-23 03:46:06.854916+00,45453926-7111-4135-9b99-55848ff0a208,f,4,1
93709f4e-a30d-4395-8b70-4c0a49ed1d01,TrainTask7,3,1,5,,0,2026-07-24 03:42:02.146728+00,2026-07-23 03:42:02.146728+00,2026-07-23 03:46:21.863502+00,1d9b6bf9-3eba-4c95-b67a-f82cd8f4fe9e,t,3,1
f2fcc4eb-8c5d-4708-b452-9e6cde805445,TrainTask8,0,0,5,,0,2026-07-25 12:00:00+00,2026-07-23 03:42:11.251715+00,2026-07-23 03:46:34.730254+00,b6476aff-b9b7-4dbc-9013-9c24a102f7e1,f,1,0
8acc73c3-9ffc-41e2-87aa-cd92c6dbb6ef,TrainTask9,1,1,5,,0,2026-07-30 12:00:00+00,2026-07-23 03:42:14.830587+00,2026-07-23 03:46:41.325188+00,45453926-7111-4135-9b99-55848ff0a208,f,4,1
d538494c-a5f1-4fcc-aab6-2d4b39954b67,TrainTask10,2,0,5,,0,2026-08-15 12:00:00+00,2026-07-23 03:42:26.542326+00,2026-07-23 03:46:56.332767+00,1d9b6bf9-3eba-4c95-b67a-f82cd8f4fe9e,f,3,1
0fbfd589-3f95-4706-8430-89a895f308f8,TrainTask11,3,1,5,,0,2026-07-24 03:42:35.419596+00,2026-07-23 03:42:35.419596+00,2026-07-23 03:47:11.342039+00,b6476aff-b9b7-4dbc-9013-9c24a102f7e1,t,1,0
8f362731-1ca4-4d30-b3ee-d508e6e75bc8,TrainTask12,0,0,5,,0,2026-07-30 12:00:00+00,2026-07-23 03:42:38.368034+00,2026-07-23 03:47:18.631767+00,45453926-7111-4135-9b99-55848ff0a208,f,4,1
7d557c5a-1c89-4544-babf-150da5a91d06,TrainTask13,1,1,5,,0,2026-08-15 12:00:00+00,2026-07-23 03:42:52.102725+00,2026-07-23 03:47:34.944801+00,1d9b6bf9-3eba-4c95-b67a-f82cd8f4fe9e,f,3,1
6e094554-727d-478f-81dc-a1e8e0033fbb,TrainTask14,2,0,0,,0,2026-07-25 12:00:00+00,2026-07-23 03:43:01.621151+00,,b6476aff-b9b7-4dbc-9013-9c24a102f7e1,f,1,0
9b56d4fc-0a3c-4d42-a790-2cb15f0983aa,TrainTask15,3,1,0,,1,2026-07-24 03:43:05.397107+00,2026-07-23 03:43:05.397107+00,,45453926-7111-4135-9b99-55848ff0a208,t,4,1
b56e814f-3dcf-4988-9ff2-508a1c0ebd01,Verify Prediction,0,0,0,,0,2026-08-30 12:00:00+00,2026-07-23 03:43:23.380679+00,,45453926-7111-4135-9b99-55848ff0a208,f,4,1
30842a44-81d4-47bb-a1e1-57413ddad0de,Final ML Test,0,0,0,,0,2026-08-01 12:00:00+00,2026-07-23 03:48:13.711094+00,,45453926-7111-4135-9b99-55848ff0a208,f,4,1
9ccd5a15-f4d0-4e9c-9d2e-54b2e8a3a8e0,ML Test After Train,0,0,0,,0,2026-08-01 12:00:00+00,2026-07-23 03:51:12.380322+00,,45453926-7111-4135-9b99-55848ff0a208,f,4,1
92fae007-9ee9-4826-a87f-163f5d21a105,ML Production Test,0,0,0,,0,2026-08-01 12:00:00+00,2026-07-23 03:54:05.781473+00,,45453926-7111-4135-9b99-55848ff0a208,f,4,1
f8e59d0f-52d4-47da-aecc-29aff9ca19e5,Final ML Verification,1,0,0,,0,2026-07-30 12:00:00+00,2026-07-23 03:54:31.171017+00,,45453926-7111-4135-9b99-55848ff0a208,f,4,1
aff5e6ec-cbad-45fe-b018-161c82f32089,Coordinate reverse logistics for e-commerce #158,3,0,0,,1,2026-07-24 04:25:26.312764+00,2026-07-23 04:25:26.312764+00,2026-07-23 04:25:26.312764+00,a7946704-386c-4588-a647-02855ec4261e,t,1,0
544453e6-649c-4d60-a768-28e1921f2827,Weekend delivery slot coordination #28,1,1,1,,0,2026-07-30 06:12:39.767304+00,2026-07-23 06:12:39.767304+00,2026-07-24 06:12:39.767304+00,1d9b6bf9-3eba-4c95-b67a-f82cd8f4fe9e,f,1,0
a492d919-9cc6-4245-83db-933a658d2c16,Verify hazmat shipping compliance #98,3,0,0,,1,2026-07-24 10:23:32.020828+00,2026-07-23 10:23:32.020828+00,2026-07-23 10:23:32.020828+00,a7946704-386c-4588-a647-02855ec4261e,t,1,0
69627e71-f771-4dfd-97e5-df86c767196b,Complete container report #222,2,0,2,,0,2026-08-05 10:27:46.291385+00,2026-07-23 10:27:46.291385+00,2026-07-24 12:27:46.291385+00,b6476aff-b9b7-4dbc-9013-9c24a102f7e1,f,1,0
e6baaa3b-3eb5-4a37-b0b9-44bc5c40d3c5,Approve carrier rate change #202,2,0,2,,0,2026-07-30 10:27:46.291385+00,2026-07-23 10:27:46.291385+00,2026-07-25 08:27:46.291385+00,b6476aff-b9b7-4dbc-9013-9c24a102f7e1,f,1,0
2105af31-8499-4ba0-a5a1-15120614ea8e,Drop vendor negotiation #226,2,0,5,,0,2026-07-30 10:27:46.29718+00,2026-07-23 10:27:46.29718+00,2026-07-25 08:27:46.29718+00,b6476aff-b9b7-4dbc-9013-9c24a102f7e1,f,1,0
a42b5e38-a65d-4291-a081-91818baa3474,Work on freight audit #238,2,0,1,,0,2026-07-30 10:27:46.298919+00,2026-07-23 10:27:46.298919+00,2026-07-25 08:27:46.298919+00,b6476aff-b9b7-4dbc-9013-9c24a102f7e1,f,1,0
05833906-2699-4ac9-b7cd-09d1970f4d44,Drop training initiative #334,2,0,5,,0,2026-08-12 10:30:19.258003+00,2026-07-23 10:30:19.258003+00,2026-07-23 03:30:19.258003+00,45453926-7111-4135-9b99-55848ff0a208,f,1,0
6a5f9e6a-6519-4dcf-8a6d-f6eb5d38887d,Awaiting sign-off billing #348,0,0,2,,0,2026-08-12 10:30:19.258003+00,2026-07-23 10:30:19.258003+00,2026-07-23 05:30:19.258003+00,a7946704-386c-4588-a647-02855ec4261e,f,1,0
ab9941f2-4815-4fea-8c63-5ab179611fb9,Process perishable goods handling #129,1,1,5,,0,2026-07-26 19:25:26.312764+00,2026-07-23 19:25:26.312764+00,2026-07-28 19:25:26.312764+00,1d9b6bf9-3eba-4c95-b67a-f82cd8f4fe9e,f,1,0
683ca26d-c5a3-46c5-a6ab-62f665cd7fe4,Resolve incorrect address entry #204 #159,3,1,0,,1,2026-07-25 01:25:26.312764+00,2026-07-24 01:25:26.312764+00,2026-07-24 01:25:26.312764+00,a7946704-386c-4588-a647-02855ec4261e,t,1,0
7c3f1e51-a954-4451-9ba3-d688f5649d20,Return logistics for damaged goods #29,1,1,1,,0,2026-08-01 05:12:39.767304+00,2026-07-24 05:12:39.767304+00,2026-07-24 05:12:39.767304+00,1d9b6bf9-3eba-4c95-b67a-f82cd8f4fe9e,f,1,0
fd8cc13c-31bf-4067-bfc7-1f41332ef8d5,Generate fleet utilization report #99,3,1,0,,1,2026-07-25 09:23:32.020828+00,2026-07-24 09:23:32.020828+00,2026-07-24 09:23:32.020828+00,a7946704-386c-4588-a647-02855ec4261e,t,1,0
185283c7-fcea-4af4-939a-a2e7af4440be,Audit toll fee reimbursement claims #74,1,0,5,,0,2026-07-31 10:23:32.020828+00,2026-07-24 10:23:32.020828+00,2026-07-25 10:23:32.020828+00,1d9b6bf9-3eba-4c95-b67a-f82cd8f4fe9e,f,2,1
d4755468-8529-4808-9f9b-1be83aea5a77,Finalize inventory adjustment #201,1,1,2,,0,2026-07-29 10:27:46.291385+00,2026-07-24 10:27:46.291385+00,2026-07-25 09:27:46.291385+00,1d9b6bf9-3eba-4c95-b67a-f82cd8f4fe9e,f,1,0
3f814610-f076-4dc6-8ab1-0f0f49c0d550,Review return rate #221,1,1,2,,0,2026-08-04 10:27:46.291385+00,2026-07-24 10:27:46.291385+00,2026-07-24 13:27:46.291385+00,1d9b6bf9-3eba-4c95-b67a-f82cd8f4fe9e,f,1,0
0139e16a-b970-48c5-b70f-8b1dc086bb63,Cancel duplicate shipment #225,1,1,5,,0,2026-07-29 10:27:46.29718+00,2026-07-24 10:27:46.29718+00,2026-07-25 09:27:46.29718+00,1d9b6bf9-3eba-4c95-b67a-f82cd8f4fe9e,f,1,0
dcbe9d89-4263-43d6-8fe9-1f95a11b6e8d,Process route adjustment #237,1,1,1,,0,2026-07-29 10:27:46.298919+00,2026-07-24 10:27:46.298919+00,2026-07-25 09:27:46.298919+00,1d9b6bf9-3eba-4c95-b67a-f82cd8f4fe9e,f,1,0
b78d37fe-2e39-4a77-9a3a-227244484d08,Abandon shelved policy #358,2,1,5,,0,2026-08-05 10:30:19.258003+00,2026-07-24 10:30:19.258003+00,2026-07-24 03:30:19.258003+00,a7946704-386c-4588-a647-02855ec4261e,f,1,0
11308f6e-9232-47bf-921a-f32e137dae75,Deprioritize fleet upgrade #310,1,1,5,,0,2026-08-10 10:30:19.258003+00,2026-07-24 10:30:19.258003+00,2026-07-24 04:30:19.258003+00,1d9b6bf9-3eba-4c95-b67a-f82cd8f4fe9e,f,1,0
a5773a13-ff42-4e9b-979d-6492e2401fbe,Batch2-Verify-Low,0,0,0,,0,2026-08-15 12:00:00+00,2026-07-25 10:23:51.458159+00,,45453926-7111-4135-9b99-55848ff0a208,f,4,1
acc36e3e-e883-4ad3-938c-201a100b77d5,Batch2-Verify-Urgent,3,0,0,,0,2026-07-26 10:24:03.520461+00,2026-07-25 10:24:03.520461+00,,45453926-7111-4135-9b99-55848ff0a208,t,4,1
1f40a627-9458-42c9-ab60-48345767d044,Final-205-Check,0,0,0,,0,2026-08-15 12:00:00+00,2026-07-25 10:25:38.924132+00,,45453926-7111-4135-9b99-55848ff0a208,f,4,1
9daa0d8b-5fe3-40ec-a0c7-0dcabc28608c,Finalize incident analysis #220,0,0,2,,0,2026-08-03 10:27:46.291385+00,2026-07-25 10:27:46.291385+00,2026-07-24 14:27:46.291385+00,45453926-7111-4135-9b99-55848ff0a208,f,1,0
d0d1ea18-9460-4221-8f10-6bd00ab2e7dc,Final-Balanced-Check,0,0,0,,0,2026-08-15 12:00:00+00,2026-07-25 10:28:22.771561+00,,45453926-7111-4135-9b99-55848ff0a208,f,4,1
9e613346-3baa-4ea2-8b44-c8808ff366a5,ML-Demo-Low,0,0,0,,0,2026-08-15 12:00:00+00,2026-07-25 10:49:13.420091+00,,45453926-7111-4135-9b99-55848ff0a208,f,4,1
3fdff54f-303f-46d8-b203-3537ebd959af,ML-Demo-Urgent,3,1,0,,0,2026-07-26 10:49:25.384515+00,2026-07-25 10:49:25.384515+00,,1d9b6bf9-3eba-4c95-b67a-f82cd8f4fe9e,t,3,1
25a388cf-fca4-4ffc-9bc2-42cea861dbc8,ML-Demo-Output,0,0,0,,0,2026-08-15 12:00:00+00,2026-07-25 11:08:52.592151+00,,45453926-7111-4135-9b99-55848ff0a208,f,4,1
