Id,EmployeeNumber,FirstName,LastName,Role,DepartmentId,IsActive,IsDeactivated
2aacc0aa-9c94-4308-95ac-7d96ce817ad9,ENC001,Test,Encoder1,3,1d9b6bf9-3eba-4c95-b67a-f82cd8f4fe9e,t,f
85834d1c-0849-4a44-8887-9a5eda976ad0,CRS001,Test,Courier1,4,45453926-7111-4135-9b99-55848ff0a208,t,f
a60a17e3-d718-402f-8dee-9541cb5e6cb0,ENC002,Test,Encoder2,3,1d9b6bf9-3eba-4c95-b67a-f82cd8f4fe9e,t,f
aa3a7ee9-94c2-4ebb-a5da-07a7639ad45a,CRS002,Test,Courier2,4,1d9b6bf9-3eba-4c95-b67a-f82cd8f4fe9e,t,f
ceb850a3-632d-4064-8a27-bd9a3c852962,DSP002,Test,Dispatcher2,2,45453926-7111-4135-9b99-55848ff0a208,t,f
f0c91762-8421-42a5-933f-a7c91fde6dc2,CRD002,Test,Coordinator2,1,45453926-7111-4135-9b99-55848ff0a208,t,f
281104dc-50ee-4fd2-b724-ff5ed73c1553,CRD001,Test,Coordinator1,1,b6476aff-b9b7-4dbc-9013-9c24a102f7e1,t,f
eb6a6e1d-ed36-4c32-90a7-046fc00bacfc,DSP001,Test,Dispatcher1,2,45453926-7111-4135-9b99-55848ff0a208,t,f
0fb1eb66-bad8-4bf3-92b0-2f9e0095218b,MGR001,System,Manager,0,,t,f
