Id,TaskId,AssignedUserId,AssignedAt
4372825d-289f-485d-83be-a0d7204a9562,022aa13a-1ade-4085-b31e-bcabaf6f8ee5,aa3a7ee9-94c2-4ebb-a5da-07a7639ad45a,2026-07-23 03:23:58.062388+00
85c5a571-f87f-49ed-b5b8-86b09bcd9d1d,022aa13a-1ade-4085-b31e-bcabaf6f8ee5,a60a17e3-d718-402f-8dee-9541cb5e6cb0,2026-07-23 03:23:58.062388+00
9fcc2379-e9d3-4282-b26c-368538085c58,022aa13a-1ade-4085-b31e-bcabaf6f8ee5,2aacc0aa-9c94-4308-95ac-7d96ce817ad9,2026-07-23 03:23:58.062388+00
47bc0b33-d730-4eb3-a78f-e142a1ef4699,24ceaa58-306c-484b-bfde-a1063ec508ae,ceb850a3-632d-4064-8a27-bd9a3c852962,2026-07-23 03:28:40.651737+00
bf49c3d4-ee34-49a2-a376-da7368229821,24ceaa58-306c-484b-bfde-a1063ec508ae,eb6a6e1d-ed36-4c32-90a7-046fc00bacfc,2026-07-23 03:28:40.651737+00
dd7382fc-2014-4634-8a92-79bb94dfb990,24ceaa58-306c-484b-bfde-a1063ec508ae,85834d1c-0849-4a44-8887-9a5eda976ad0,2026-07-23 03:28:40.651737+00
dec32675-ae36-4cda-8102-517312c018df,24ceaa58-306c-484b-bfde-a1063ec508ae,f0c91762-8421-42a5-933f-a7c91fde6dc2,2026-07-23 03:28:40.651737+00
085d2a20-e0e2-477a-991f-89b72b6566a3,0c3cc22a-2689-4546-bd72-ee647fa433e0,eb6a6e1d-ed36-4c32-90a7-046fc00bacfc,2026-07-23 03:29:04.920499+00
55e87bd4-f2fa-4b36-b9bd-d79d837bdc06,0c3cc22a-2689-4546-bd72-ee647fa433e0,85834d1c-0849-4a44-8887-9a5eda976ad0,2026-07-23 03:29:04.920499+00
c304a497-5015-4d97-bd1e-de84e76449b4,0c3cc22a-2689-4546-bd72-ee647fa433e0,f0c91762-8421-42a5-933f-a7c91fde6dc2,2026-07-23 03:29:04.920499+00
f5fa87c4-6bb7-4329-9ec6-4505fd48b3fa,0c3cc22a-2689-4546-bd72-ee647fa433e0,ceb850a3-632d-4064-8a27-bd9a3c852962,2026-07-23 03:29:04.920499+00
3ba736c0-9b08-4e1c-ac43-3a4aa49d22df,8311edf4-7672-4b98-89f0-c1b7a0d702a6,85834d1c-0849-4a44-8887-9a5eda976ad0,2026-07-23 03:32:07.316999+00
bcf7815d-6d7e-4614-b783-5550b705daaf,8311edf4-7672-4b98-89f0-c1b7a0d702a6,ceb850a3-632d-4064-8a27-bd9a3c852962,2026-07-23 03:32:07.316999+00
d8afa152-099a-4175-8848-14b14ea7107c,8311edf4-7672-4b98-89f0-c1b7a0d702a6,eb6a6e1d-ed36-4c32-90a7-046fc00bacfc,2026-07-23 03:32:07.316999+00
eacdb204-ded5-4d88-82c6-98abe45a0041,8311edf4-7672-4b98-89f0-c1b7a0d702a6,f0c91762-8421-42a5-933f-a7c91fde6dc2,2026-07-23 03:32:07.316999+00
07b4b866-c18d-4ee6-9675-9a12f86ea0ee,1fbc0d8d-4d25-49b3-bbb5-6297d5fa63e2,f0c91762-8421-42a5-933f-a7c91fde6dc2,2026-07-23 03:32:21.709009+00
a5c27227-149c-4d54-a62a-71043da1693b,1fbc0d8d-4d25-49b3-bbb5-6297d5fa63e2,eb6a6e1d-ed36-4c32-90a7-046fc00bacfc,2026-07-23 03:32:21.709009+00
c9035773-d77b-403f-b4e6-84670c1e9bf7,1fbc0d8d-4d25-49b3-bbb5-6297d5fa63e2,ceb850a3-632d-4064-8a27-bd9a3c852962,2026-07-23 03:32:21.709009+00
cab38af8-79da-45c2-b742-91fd44ee82f9,1fbc0d8d-4d25-49b3-bbb5-6297d5fa63e2,85834d1c-0849-4a44-8887-9a5eda976ad0,2026-07-23 03:32:21.709009+00
88e702c4-8dca-4192-b72d-fdf78e206c7a,d946de8c-0ee3-46ff-8b81-2e6dbd94ccd7,aa3a7ee9-94c2-4ebb-a5da-07a7639ad45a,2026-07-23 03:37:37.564364+00
b0339d54-5a50-4a95-866e-2ec7ee54d89e,d946de8c-0ee3-46ff-8b81-2e6dbd94ccd7,a60a17e3-d718-402f-8dee-9541cb5e6cb0,2026-07-23 03:37:37.564364+00
ec167b68-0a34-449a-a4dd-a78dee6f5c6a,d946de8c-0ee3-46ff-8b81-2e6dbd94ccd7,2aacc0aa-9c94-4308-95ac-7d96ce817ad9,2026-07-23 03:37:37.564364+00
00be1c4a-d09b-411f-89aa-fd9a77c4af6d,304d73a0-0833-4253-a4bb-ec46572e2597,281104dc-50ee-4fd2-b724-ff5ed73c1553,2026-07-23 03:37:48.105246+00
0a767673-68ed-41a8-ab64-3fbe8ec3404c,7d47dd4e-37ee-4dcc-a34f-0fa11aee4bfe,85834d1c-0849-4a44-8887-9a5eda976ad0,2026-07-23 03:37:51.235808+00
1c9a23ad-6402-428f-b249-40a82a008676,7d47dd4e-37ee-4dcc-a34f-0fa11aee4bfe,eb6a6e1d-ed36-4c32-90a7-046fc00bacfc,2026-07-23 03:37:51.235808+00
306bf6cd-0063-4e87-a55f-7079d33f5c14,7d47dd4e-37ee-4dcc-a34f-0fa11aee4bfe,f0c91762-8421-42a5-933f-a7c91fde6dc2,2026-07-23 03:37:51.235808+00
fc81fa1a-cffb-4f26-9054-5f40c1946d4a,7d47dd4e-37ee-4dcc-a34f-0fa11aee4bfe,ceb850a3-632d-4064-8a27-bd9a3c852962,2026-07-23 03:37:51.235808+00
1d35451c-33f0-48ba-a241-17c879bf4d61,f5a95238-bc8a-41d7-84cd-7b575a498b23,a60a17e3-d718-402f-8dee-9541cb5e6cb0,2026-07-23 03:38:05.112273+00
785e9bdf-7259-4de0-8921-2ddd537699b4,f5a95238-bc8a-41d7-84cd-7b575a498b23,2aacc0aa-9c94-4308-95ac-7d96ce817ad9,2026-07-23 03:38:05.112273+00
e96026a1-d8e9-4adb-bb92-f41293f0dce0,f5a95238-bc8a-41d7-84cd-7b575a498b23,aa3a7ee9-94c2-4ebb-a5da-07a7639ad45a,2026-07-23 03:38:05.112273+00
897373ac-d76e-4af5-b8d9-1586d00c8f81,e6333e08-2bc3-4d08-995f-4fb03f8944d1,281104dc-50ee-4fd2-b724-ff5ed73c1553,2026-07-23 03:38:15.358452+00
0e2e64a6-c616-46b9-bea2-48950e6ea28b,55b5c419-0f9d-4685-b355-d056b6bd36aa,85834d1c-0849-4a44-8887-9a5eda976ad0,2026-07-23 03:38:18.329659+00
283d59b7-ae4a-4e3c-bc3a-e570eb87992e,55b5c419-0f9d-4685-b355-d056b6bd36aa,ceb850a3-632d-4064-8a27-bd9a3c852962,2026-07-23 03:38:18.329659+00
8c946b46-ea0a-405c-905d-71acd009b16c,55b5c419-0f9d-4685-b355-d056b6bd36aa,eb6a6e1d-ed36-4c32-90a7-046fc00bacfc,2026-07-23 03:38:18.329659+00
9139412f-a96e-4142-9259-6fcc61cc61de,55b5c419-0f9d-4685-b355-d056b6bd36aa,f0c91762-8421-42a5-933f-a7c91fde6dc2,2026-07-23 03:38:18.329659+00
7e945e50-0336-444a-8a71-7c1e50c5b900,856e309c-9e5a-42df-9201-316d788f6842,2aacc0aa-9c94-4308-95ac-7d96ce817ad9,2026-07-23 03:38:30.88608+00
8419e6b3-da4f-4757-a801-608bd631379b,856e309c-9e5a-42df-9201-316d788f6842,aa3a7ee9-94c2-4ebb-a5da-07a7639ad45a,2026-07-23 03:38:30.88608+00
9382319e-fc8d-49cb-b5bd-dbd787a81609,856e309c-9e5a-42df-9201-316d788f6842,a60a17e3-d718-402f-8dee-9541cb5e6cb0,2026-07-23 03:38:30.88608+00
c877618a-bd5a-400f-9c18-a5c0579fc41c,30f8507b-d076-4ab6-a58d-e7e418d77cd8,281104dc-50ee-4fd2-b724-ff5ed73c1553,2026-07-23 03:38:41.169574+00
3c65cbe0-f3e5-4aca-91a6-48322907e5da,bfe47b27-4284-4f16-aa7c-5f497533db9f,85834d1c-0849-4a44-8887-9a5eda976ad0,2026-07-23 03:38:44.098006+00
8825092c-06d4-4ca2-82fd-ec4124810781,bfe47b27-4284-4f16-aa7c-5f497533db9f,ceb850a3-632d-4064-8a27-bd9a3c852962,2026-07-23 03:38:44.098006+00
9167050e-9f80-425b-a71a-3bb0138c5b56,bfe47b27-4284-4f16-aa7c-5f497533db9f,eb6a6e1d-ed36-4c32-90a7-046fc00bacfc,2026-07-23 03:38:44.098006+00
c2bb9349-7f9e-435a-980c-ec8426af719c,bfe47b27-4284-4f16-aa7c-5f497533db9f,f0c91762-8421-42a5-933f-a7c91fde6dc2,2026-07-23 03:38:44.098006+00
366c6027-8f57-4a90-b606-215cf25de63c,2fb7342e-689a-450e-925f-5b7f75438960,aa3a7ee9-94c2-4ebb-a5da-07a7639ad45a,2026-07-23 03:38:56.438952+00
c3b3ec5d-024d-4bab-81c9-a7c5ca170c21,2fb7342e-689a-450e-925f-5b7f75438960,a60a17e3-d718-402f-8dee-9541cb5e6cb0,2026-07-23 03:38:56.438952+00
c5aa3d4e-bb79-4eef-b835-41be7e1bb8d6,2fb7342e-689a-450e-925f-5b7f75438960,2aacc0aa-9c94-4308-95ac-7d96ce817ad9,2026-07-23 03:38:56.438952+00
1985fad8-a574-4e4e-9fb2-60babd92440e,71f18543-2d73-43c7-b995-67e7e301159b,281104dc-50ee-4fd2-b724-ff5ed73c1553,2026-07-23 03:39:06.142189+00
090ea47a-4691-4a07-875b-77de6f382ca3,47ab8ed5-5dcb-484f-b422-ad8ad7e4bda7,ceb850a3-632d-4064-8a27-bd9a3c852962,2026-07-23 03:39:09.075826+00
9fb02b0e-3888-4923-93f5-6e5d44c8c52c,47ab8ed5-5dcb-484f-b422-ad8ad7e4bda7,eb6a6e1d-ed36-4c32-90a7-046fc00bacfc,2026-07-23 03:39:09.075826+00
b23cf573-0a6f-4d1b-b430-bf8c226eb6ff,47ab8ed5-5dcb-484f-b422-ad8ad7e4bda7,f0c91762-8421-42a5-933f-a7c91fde6dc2,2026-07-23 03:39:09.075826+00
c951b5a9-c9ac-4900-b4d5-13ef22b56ccc,47ab8ed5-5dcb-484f-b422-ad8ad7e4bda7,85834d1c-0849-4a44-8887-9a5eda976ad0,2026-07-23 03:39:09.075826+00
48cbfec7-b27c-45f1-b011-176e33fd6b88,3486bbc5-f23b-4d28-b14f-75b5f57aee8d,a60a17e3-d718-402f-8dee-9541cb5e6cb0,2026-07-23 03:39:22.417101+00
568f68a0-5cf0-44c8-88c1-a1696844835b,3486bbc5-f23b-4d28-b14f-75b5f57aee8d,2aacc0aa-9c94-4308-95ac-7d96ce817ad9,2026-07-23 03:39:22.417101+00
d124461b-0139-494c-aa59-e1712cbf7195,3486bbc5-f23b-4d28-b14f-75b5f57aee8d,aa3a7ee9-94c2-4ebb-a5da-07a7639ad45a,2026-07-23 03:39:22.417101+00
7cd4f2e8-2b76-414d-a53d-3d4a993e5fa6,622ac8ec-ec1f-42c7-916f-4a22b7fb9550,281104dc-50ee-4fd2-b724-ff5ed73c1553,2026-07-23 03:39:32.768623+00
46f65a17-d683-47f4-a1ef-cc434f6d4cc1,8adb1671-f351-4427-9f9c-ff40b18dea3b,ceb850a3-632d-4064-8a27-bd9a3c852962,2026-07-23 03:39:35.953608+00
59670a6d-fe9b-4401-90cc-d6a600b4a8ca,8adb1671-f351-4427-9f9c-ff40b18dea3b,f0c91762-8421-42a5-933f-a7c91fde6dc2,2026-07-23 03:39:35.953608+00
76ca6313-40fc-4602-a2fd-33211b4b7da4,8adb1671-f351-4427-9f9c-ff40b18dea3b,eb6a6e1d-ed36-4c32-90a7-046fc00bacfc,2026-07-23 03:39:35.953608+00
9b5115b1-37f2-4aa1-8555-8d73c4ce7284,8adb1671-f351-4427-9f9c-ff40b18dea3b,85834d1c-0849-4a44-8887-9a5eda976ad0,2026-07-23 03:39:35.953608+00
1f1ac217-c215-48f1-9363-5e2d67f38a5b,bc1ab3b4-be3e-4c25-9834-48ec8e978498,ceb850a3-632d-4064-8a27-bd9a3c852962,2026-07-23 03:39:53.544885+00
302ccfdb-6197-4e9d-bdd2-38bf7ec21017,bc1ab3b4-be3e-4c25-9834-48ec8e978498,eb6a6e1d-ed36-4c32-90a7-046fc00bacfc,2026-07-23 03:39:53.544885+00
3aa33a49-2d35-4116-9e25-8467a3d62337,bc1ab3b4-be3e-4c25-9834-48ec8e978498,f0c91762-8421-42a5-933f-a7c91fde6dc2,2026-07-23 03:39:53.544885+00
836e2d35-ebed-4a7a-83f3-b360679210a1,bc1ab3b4-be3e-4c25-9834-48ec8e978498,85834d1c-0849-4a44-8887-9a5eda976ad0,2026-07-23 03:39:53.544885+00
18de59f8-5e51-4de5-9a13-05e05438143f,b9e7e605-d60e-4f72-94b7-a8135487b9fa,eb6a6e1d-ed36-4c32-90a7-046fc00bacfc,2026-07-23 03:40:05.692833+00
4ab5af95-466f-4570-a34e-9b98dc850043,b9e7e605-d60e-4f72-94b7-a8135487b9fa,85834d1c-0849-4a44-8887-9a5eda976ad0,2026-07-23 03:40:05.692833+00
9d88339f-4079-4e1c-930b-74949c90e69a,b9e7e605-d60e-4f72-94b7-a8135487b9fa,ceb850a3-632d-4064-8a27-bd9a3c852962,2026-07-23 03:40:05.692833+00
a4aae16c-e7a9-49fd-bad1-04a9b2774ebd,b9e7e605-d60e-4f72-94b7-a8135487b9fa,f0c91762-8421-42a5-933f-a7c91fde6dc2,2026-07-23 03:40:05.692833+00
0d52d3b2-56bf-4263-9b60-7d30794507eb,84530304-a07b-4629-a236-eec12d0a1f8c,eb6a6e1d-ed36-4c32-90a7-046fc00bacfc,2026-07-23 03:40:20.1476+00
881314c2-e328-4053-9b70-ac5180ff69ed,84530304-a07b-4629-a236-eec12d0a1f8c,85834d1c-0849-4a44-8887-9a5eda976ad0,2026-07-23 03:40:20.1476+00
a68f899a-1103-4071-a296-d84c7c952849,84530304-a07b-4629-a236-eec12d0a1f8c,f0c91762-8421-42a5-933f-a7c91fde6dc2,2026-07-23 03:40:20.1476+00
fd389b62-840f-4753-9460-d9652b2810bf,84530304-a07b-4629-a236-eec12d0a1f8c,ceb850a3-632d-4064-8a27-bd9a3c852962,2026-07-23 03:40:20.1476+00
05f595b7-0aa5-4674-98a0-edba5160c242,c9772d26-80e3-4189-bc19-2d1d274df44f,a60a17e3-d718-402f-8dee-9541cb5e6cb0,2026-07-23 03:41:04.708431+00
550e8db8-2b74-41ba-86cd-cc17377e5741,c9772d26-80e3-4189-bc19-2d1d274df44f,2aacc0aa-9c94-4308-95ac-7d96ce817ad9,2026-07-23 03:41:04.708431+00
9d11b523-931c-4c08-a041-abf45712d208,c9772d26-80e3-4189-bc19-2d1d274df44f,aa3a7ee9-94c2-4ebb-a5da-07a7639ad45a,2026-07-23 03:41:04.708431+00
648bf8ab-15e9-4bb6-9097-a7f3161b3ede,3859215a-e0c5-440e-8986-344e77d82516,281104dc-50ee-4fd2-b724-ff5ed73c1553,2026-07-23 03:41:13.615683+00
0065ca56-14ec-4197-9563-d68f7fb07a0b,fce7f968-709a-464c-9e97-ea8f5cea38ee,ceb850a3-632d-4064-8a27-bd9a3c852962,2026-07-23 03:41:17.396411+00
819c39d5-37bf-4427-a5d3-4dbf81f1afbd,fce7f968-709a-464c-9e97-ea8f5cea38ee,f0c91762-8421-42a5-933f-a7c91fde6dc2,2026-07-23 03:41:17.396411+00
8ba13929-7c61-485a-9071-0c29a87ded83,fce7f968-709a-464c-9e97-ea8f5cea38ee,85834d1c-0849-4a44-8887-9a5eda976ad0,2026-07-23 03:41:17.396411+00
b78c6f87-fec5-4f61-8b79-182e6783f7d8,fce7f968-709a-464c-9e97-ea8f5cea38ee,eb6a6e1d-ed36-4c32-90a7-046fc00bacfc,2026-07-23 03:41:17.396411+00
46a95a45-26c7-4467-81d2-5b03004c6019,3b7c1dc3-ce74-4f60-bc9f-f111085e1c0e,2aacc0aa-9c94-4308-95ac-7d96ce817ad9,2026-07-23 03:41:30.098572+00
96870741-13aa-423d-b84c-440b8839fb4f,3b7c1dc3-ce74-4f60-bc9f-f111085e1c0e,aa3a7ee9-94c2-4ebb-a5da-07a7639ad45a,2026-07-23 03:41:30.098572+00
dc6007a7-88a4-47dc-8878-51e8c619cd97,3b7c1dc3-ce74-4f60-bc9f-f111085e1c0e,a60a17e3-d718-402f-8dee-9541cb5e6cb0,2026-07-23 03:41:30.098572+00
49a2a8bf-8811-48b9-a32b-d775d5c2730a,92d77164-5cc6-4d74-b3a0-305e82256708,281104dc-50ee-4fd2-b724-ff5ed73c1553,2026-07-23 03:41:44.451178+00
155e9172-c782-44d2-8de9-74acabb27ab1,db7eb151-9a16-4272-9240-aa2f020bb857,f0c91762-8421-42a5-933f-a7c91fde6dc2,2026-07-23 03:41:48.132153+00
8ce5aa6a-5d0e-480d-bbe2-9fd07d198659,db7eb151-9a16-4272-9240-aa2f020bb857,ceb850a3-632d-4064-8a27-bd9a3c852962,2026-07-23 03:41:48.132153+00
97f53c4d-0771-4104-aff0-bfa51db4fe8e,db7eb151-9a16-4272-9240-aa2f020bb857,eb6a6e1d-ed36-4c32-90a7-046fc00bacfc,2026-07-23 03:41:48.132153+00
aa16df28-22b9-414d-a247-1e00d3fe0140,db7eb151-9a16-4272-9240-aa2f020bb857,85834d1c-0849-4a44-8887-9a5eda976ad0,2026-07-23 03:41:48.132153+00
8ce1fbf5-1a9f-4186-9033-120079f90ad5,93709f4e-a30d-4395-8b70-4c0a49ed1d01,2aacc0aa-9c94-4308-95ac-7d96ce817ad9,2026-07-23 03:42:02.146728+00
a5adb252-c426-4899-8460-2de6ec9d7a35,93709f4e-a30d-4395-8b70-4c0a49ed1d01,a60a17e3-d718-402f-8dee-9541cb5e6cb0,2026-07-23 03:42:02.146728+00
c0e95acf-5c8b-4870-891e-f37fcb124531,93709f4e-a30d-4395-8b70-4c0a49ed1d01,aa3a7ee9-94c2-4ebb-a5da-07a7639ad45a,2026-07-23 03:42:02.146728+00
18d118de-5b5d-4843-bb73-8c48b9884f32,f2fcc4eb-8c5d-4708-b452-9e6cde805445,281104dc-50ee-4fd2-b724-ff5ed73c1553,2026-07-23 03:42:11.251715+00
74c9dd6d-256f-4ac9-9d22-a306f4726a07,8acc73c3-9ffc-41e2-87aa-cd92c6dbb6ef,eb6a6e1d-ed36-4c32-90a7-046fc00bacfc,2026-07-23 03:42:14.830587+00
d0c3adfe-4a31-4cb1-83cd-f1e9753f5280,8acc73c3-9ffc-41e2-87aa-cd92c6dbb6ef,ceb850a3-632d-4064-8a27-bd9a3c852962,2026-07-23 03:42:14.830587+00
d79e9dd5-ff30-466c-ab29-24655563b399,8acc73c3-9ffc-41e2-87aa-cd92c6dbb6ef,f0c91762-8421-42a5-933f-a7c91fde6dc2,2026-07-23 03:42:14.830587+00
fdb5ee32-2ef0-411e-ba1b-788d4111e4e4,8acc73c3-9ffc-41e2-87aa-cd92c6dbb6ef,85834d1c-0849-4a44-8887-9a5eda976ad0,2026-07-23 03:42:14.830587+00
03bb9dee-d531-45ed-a9bd-70b0eb27f0a9,d538494c-a5f1-4fcc-aab6-2d4b39954b67,aa3a7ee9-94c2-4ebb-a5da-07a7639ad45a,2026-07-23 03:42:26.542326+00
0cbf3018-6551-4075-b02c-5400d262e2cb,d538494c-a5f1-4fcc-aab6-2d4b39954b67,2aacc0aa-9c94-4308-95ac-7d96ce817ad9,2026-07-23 03:42:26.542326+00
ae133815-42de-4073-bedd-33aa38fb918a,d538494c-a5f1-4fcc-aab6-2d4b39954b67,a60a17e3-d718-402f-8dee-9541cb5e6cb0,2026-07-23 03:42:26.542326+00
d7df8c34-d68a-4f91-97cb-3fbfdb7ea681,0fbfd589-3f95-4706-8430-89a895f308f8,281104dc-50ee-4fd2-b724-ff5ed73c1553,2026-07-23 03:42:35.419596+00
66d9636e-00f0-44a7-a956-edbdef3919e3,8f362731-1ca4-4d30-b3ee-d508e6e75bc8,85834d1c-0849-4a44-8887-9a5eda976ad0,2026-07-23 03:42:38.368034+00
b810f1bb-26ce-4d39-b599-45dd35e6f6c8,8f362731-1ca4-4d30-b3ee-d508e6e75bc8,f0c91762-8421-42a5-933f-a7c91fde6dc2,2026-07-23 03:42:38.368034+00
bbb9fd46-aa62-43cb-a588-f81e98cc7b73,8f362731-1ca4-4d30-b3ee-d508e6e75bc8,eb6a6e1d-ed36-4c32-90a7-046fc00bacfc,2026-07-23 03:42:38.368034+00
daeb5b73-eca3-4b02-a5a4-e57cbf923e02,8f362731-1ca4-4d30-b3ee-d508e6e75bc8,ceb850a3-632d-4064-8a27-bd9a3c852962,2026-07-23 03:42:38.368034+00
16b9701c-bfb0-4ee1-a36a-58ce1b3bdfa1,7d557c5a-1c89-4544-babf-150da5a91d06,aa3a7ee9-94c2-4ebb-a5da-07a7639ad45a,2026-07-23 03:42:52.102725+00
8f53010e-9f59-4ac4-9847-d661f31fc38c,7d557c5a-1c89-4544-babf-150da5a91d06,a60a17e3-d718-402f-8dee-9541cb5e6cb0,2026-07-23 03:42:52.102725+00
c96b1c46-e272-4a80-9354-a7b0c3804039,7d557c5a-1c89-4544-babf-150da5a91d06,2aacc0aa-9c94-4308-95ac-7d96ce817ad9,2026-07-23 03:42:52.102725+00
42cd76e6-3e03-47e4-ae29-c74141031bed,6e094554-727d-478f-81dc-a1e8e0033fbb,281104dc-50ee-4fd2-b724-ff5ed73c1553,2026-07-23 03:43:01.621151+00
0fc4e0d5-17e8-49da-99bf-b3b3b0d8cb22,9b56d4fc-0a3c-4d42-a790-2cb15f0983aa,f0c91762-8421-42a5-933f-a7c91fde6dc2,2026-07-23 03:43:05.397107+00
1891de0d-934b-45ff-bc30-3d8f8d580b9d,9b56d4fc-0a3c-4d42-a790-2cb15f0983aa,eb6a6e1d-ed36-4c32-90a7-046fc00bacfc,2026-07-23 03:43:05.397107+00
2c4cbfe1-5234-40d0-92eb-56ea0dc4543a,9b56d4fc-0a3c-4d42-a790-2cb15f0983aa,85834d1c-0849-4a44-8887-9a5eda976ad0,2026-07-23 03:43:05.397107+00
d8e2139f-7949-4443-a772-459fd8b85b7f,9b56d4fc-0a3c-4d42-a790-2cb15f0983aa,ceb850a3-632d-4064-8a27-bd9a3c852962,2026-07-23 03:43:05.397107+00
33924a58-4182-4a17-afdd-9c9653ac1c19,b56e814f-3dcf-4988-9ff2-508a1c0ebd01,eb6a6e1d-ed36-4c32-90a7-046fc00bacfc,2026-07-23 03:43:23.380679+00
5d475c80-60e8-4051-a3de-7535d9fc92c5,b56e814f-3dcf-4988-9ff2-508a1c0ebd01,ceb850a3-632d-4064-8a27-bd9a3c852962,2026-07-23 03:43:23.380679+00
c0fdb486-70a3-487b-b4f3-d5c9468f8565,b56e814f-3dcf-4988-9ff2-508a1c0ebd01,f0c91762-8421-42a5-933f-a7c91fde6dc2,2026-07-23 03:43:23.380679+00
ee73b387-fe1f-4317-93ee-98b13ffbe47c,b56e814f-3dcf-4988-9ff2-508a1c0ebd01,85834d1c-0849-4a44-8887-9a5eda976ad0,2026-07-23 03:43:23.380679+00
09834162-ebf4-4bf3-bf17-075a7894c429,30842a44-81d4-47bb-a1e1-57413ddad0de,ceb850a3-632d-4064-8a27-bd9a3c852962,2026-07-23 03:48:13.711094+00
0b05702b-7845-4be9-a288-d17ed2416bec,30842a44-81d4-47bb-a1e1-57413ddad0de,f0c91762-8421-42a5-933f-a7c91fde6dc2,2026-07-23 03:48:13.711094+00
97c98eb3-6146-457c-a484-5f4e76063ec7,30842a44-81d4-47bb-a1e1-57413ddad0de,eb6a6e1d-ed36-4c32-90a7-046fc00bacfc,2026-07-23 03:48:13.711094+00
e90ed2c2-d9f8-4b53-b395-a3804c2704eb,30842a44-81d4-47bb-a1e1-57413ddad0de,85834d1c-0849-4a44-8887-9a5eda976ad0,2026-07-23 03:48:13.711094+00
20fd2f71-3121-4c3f-a28c-f9cf51b8ffe4,9ccd5a15-f4d0-4e9c-9d2e-54b2e8a3a8e0,ceb850a3-632d-4064-8a27-bd9a3c852962,2026-07-23 03:51:12.380322+00
5ffb52bf-5a2b-4f4e-be12-7933132901f4,9ccd5a15-f4d0-4e9c-9d2e-54b2e8a3a8e0,f0c91762-8421-42a5-933f-a7c91fde6dc2,2026-07-23 03:51:12.380322+00
c5a47d9c-c515-4319-9f34-e9360579e298,9ccd5a15-f4d0-4e9c-9d2e-54b2e8a3a8e0,85834d1c-0849-4a44-8887-9a5eda976ad0,2026-07-23 03:51:12.380322+00
e8f2e8b7-e11c-4efd-90a0-e432a2ffcbd5,9ccd5a15-f4d0-4e9c-9d2e-54b2e8a3a8e0,eb6a6e1d-ed36-4c32-90a7-046fc00bacfc,2026-07-23 03:51:12.380322+00
7d12a2f7-1052-46bb-8df2-02cec204db41,92fae007-9ee9-4826-a87f-163f5d21a105,eb6a6e1d-ed36-4c32-90a7-046fc00bacfc,2026-07-23 03:54:05.781473+00
89115a1a-a156-41df-bd9d-6c5c3c72cd5a,92fae007-9ee9-4826-a87f-163f5d21a105,ceb850a3-632d-4064-8a27-bd9a3c852962,2026-07-23 03:54:05.781473+00
9422149b-b17a-4b18-9b05-fc79efbbb6a2,92fae007-9ee9-4826-a87f-163f5d21a105,f0c91762-8421-42a5-933f-a7c91fde6dc2,2026-07-23 03:54:05.781473+00
96366536-ba90-49f6-b6b9-0c0dbeb82de5,92fae007-9ee9-4826-a87f-163f5d21a105,85834d1c-0849-4a44-8887-9a5eda976ad0,2026-07-23 03:54:05.781473+00
69f45a3e-5d62-4de8-8de7-9dd60337de32,f8e59d0f-52d4-47da-aecc-29aff9ca19e5,eb6a6e1d-ed36-4c32-90a7-046fc00bacfc,2026-07-23 03:54:31.171017+00
6ad6c93f-a76e-4624-bcbb-29934a2358fa,f8e59d0f-52d4-47da-aecc-29aff9ca19e5,ceb850a3-632d-4064-8a27-bd9a3c852962,2026-07-23 03:54:31.171017+00
6ccfb876-6db2-4dd7-ab82-10efec8007a1,f8e59d0f-52d4-47da-aecc-29aff9ca19e5,85834d1c-0849-4a44-8887-9a5eda976ad0,2026-07-23 03:54:31.171017+00
ff54dfa2-d1ae-4b83-bef9-36510e51065e,f8e59d0f-52d4-47da-aecc-29aff9ca19e5,f0c91762-8421-42a5-933f-a7c91fde6dc2,2026-07-23 03:54:31.171017+00
6b09cfba-2282-4ef3-a102-b7512e788167,ea419b4d-6aae-423a-8389-db8cadf0826e,ceb850a3-632d-4064-8a27-bd9a3c852962,2026-06-26 10:12:39.767304+00
47fcca4b-e079-40cf-a366-6d45cbe7a1a5,4ce27a6d-2f0c-43dc-b786-0fd3b12f240b,eb6a6e1d-ed36-4c32-90a7-046fc00bacfc,2026-06-27 09:12:39.767304+00
e6cd64cf-2ad4-4ad0-9533-1450b18935c1,50fa3f6b-a07f-4910-8d24-88ecfb2a4316,ceb850a3-632d-4064-8a27-bd9a3c852962,2026-06-28 08:12:39.767304+00
28f243f6-055e-4b79-ac0f-b2928abaff63,50fa3f6b-a07f-4910-8d24-88ecfb2a4316,85834d1c-0849-4a44-8887-9a5eda976ad0,2026-06-28 09:12:39.767304+00
ab33398e-4920-4f09-a587-fec0d4bd24a8,102a047f-0090-498e-8a0b-f11cbe05020c,eb6a6e1d-ed36-4c32-90a7-046fc00bacfc,2026-06-29 07:12:39.767304+00
e4e576b8-7214-4974-bdff-52797f86815f,65956fab-0a5e-44b7-acdf-aee128dd2419,ceb850a3-632d-4064-8a27-bd9a3c852962,2026-06-30 06:12:39.767304+00
e340cd77-ee0b-47d0-b89e-02427e0bd314,649e85ed-eda2-47d5-b822-ef01d9571606,eb6a6e1d-ed36-4c32-90a7-046fc00bacfc,2026-07-01 05:12:39.767304+00
737918c3-89f8-4a7f-aa49-55acc92fabdd,649e85ed-eda2-47d5-b822-ef01d9571606,85834d1c-0849-4a44-8887-9a5eda976ad0,2026-07-01 06:12:39.767304+00
431f98fa-01e4-4364-8705-84cba778b198,e4e71a8f-7762-484e-bdeb-8538c63011fd,ceb850a3-632d-4064-8a27-bd9a3c852962,2026-07-02 04:12:39.767304+00
f965ab26-699b-4773-800c-2d5c9f3ac832,08cbcd57-1059-4f86-9ff7-8df6b2e9ff77,eb6a6e1d-ed36-4c32-90a7-046fc00bacfc,2026-07-03 03:12:39.767304+00
3530f5d1-0621-41e8-8257-180dbb1448e6,03702e02-834e-4af7-9b09-38dbfe16fa2f,ceb850a3-632d-4064-8a27-bd9a3c852962,2026-07-04 02:12:39.767304+00
c684c3c8-159e-46ae-93c9-485e67b0afb2,03702e02-834e-4af7-9b09-38dbfe16fa2f,85834d1c-0849-4a44-8887-9a5eda976ad0,2026-07-04 03:12:39.767304+00
d70db6f9-aa66-4207-8975-5681a19a65d2,043b04b2-3371-4b3c-8956-833545de2401,eb6a6e1d-ed36-4c32-90a7-046fc00bacfc,2026-07-05 01:12:39.767304+00
bb61d490-436b-4aa2-ba9e-ec0b93c2efd9,ffbb8dd0-8c2a-4201-9bb3-d63dba41da13,ceb850a3-632d-4064-8a27-bd9a3c852962,2026-07-06 00:12:39.767304+00
eeadbd6a-ddd1-4d8b-aa15-9473285533f9,712bdcd8-a8a5-4b71-a93c-19ab005b458c,eb6a6e1d-ed36-4c32-90a7-046fc00bacfc,2026-07-06 23:12:39.767304+00
57cdd72b-7634-4fe1-895e-3c528d9145dd,712bdcd8-a8a5-4b71-a93c-19ab005b458c,85834d1c-0849-4a44-8887-9a5eda976ad0,2026-07-07 00:12:39.767304+00
d44565b5-2634-4d59-822b-2de8de5ac252,61c68116-9faa-4c82-ba98-6732f259f651,ceb850a3-632d-4064-8a27-bd9a3c852962,2026-07-07 22:12:39.767304+00
64370a4c-f59e-4e3c-9856-52a9b6534b22,02e05d73-2a08-41b6-be48-ff2aeb58d252,eb6a6e1d-ed36-4c32-90a7-046fc00bacfc,2026-07-08 21:12:39.767304+00
6dc4ed22-c5b7-4ec0-ba89-cf73367b006b,3cb6f05d-6db6-422e-9908-821357e6c16e,ceb850a3-632d-4064-8a27-bd9a3c852962,2026-07-09 20:12:39.767304+00
657b374e-d9ee-4875-b614-69ff984327c4,3cb6f05d-6db6-422e-9908-821357e6c16e,85834d1c-0849-4a44-8887-9a5eda976ad0,2026-07-09 21:12:39.767304+00
2dfc2cc5-cd8e-49d7-8b2d-9e06ad9f355c,8fae1df4-7e5a-4c66-80ab-f5d258859ea1,eb6a6e1d-ed36-4c32-90a7-046fc00bacfc,2026-07-10 19:12:39.767304+00
13bdff74-ef66-4039-be48-6e6f4c39116e,42d0ffdf-01c3-4180-98a7-03b5d1bc6a39,ceb850a3-632d-4064-8a27-bd9a3c852962,2026-07-11 18:12:39.767304+00
b2a0402b-852c-4cc5-87f1-2861103feb38,3faafe61-d2c4-4db4-aed5-53f008ab9b3a,2aacc0aa-9c94-4308-95ac-7d96ce817ad9,2026-07-12 17:12:39.767304+00
f3fc339f-18e0-4aec-ac9a-b771ff0a3590,3faafe61-d2c4-4db4-aed5-53f008ab9b3a,a60a17e3-d718-402f-8dee-9541cb5e6cb0,2026-07-12 18:12:39.767304+00
ed6edf41-bf0c-4a62-9f51-469b0725c599,bca3d638-d830-49cf-87bf-ffb546cc412f,aa3a7ee9-94c2-4ebb-a5da-07a7639ad45a,2026-07-13 16:12:39.767304+00
a99c023e-49af-4516-a456-7b34628e042b,812c16a3-0105-4abb-b00a-c428923c883c,2aacc0aa-9c94-4308-95ac-7d96ce817ad9,2026-07-14 15:12:39.767304+00
0542d921-4841-4a17-aa4c-c36dbcbff3bb,275a968c-0e4d-4d97-a3a5-d006c653f330,aa3a7ee9-94c2-4ebb-a5da-07a7639ad45a,2026-07-15 14:12:39.767304+00
f2794193-a21e-487f-ae71-0be7a87ec506,275a968c-0e4d-4d97-a3a5-d006c653f330,a60a17e3-d718-402f-8dee-9541cb5e6cb0,2026-07-15 15:12:39.767304+00
9b1fd337-ae67-40fe-8d77-06d1dc1f38c2,15109868-6182-48a5-9c22-709fe403b529,2aacc0aa-9c94-4308-95ac-7d96ce817ad9,2026-07-16 13:12:39.767304+00
d2327e68-8bfb-492d-abda-e977574c3f29,216f090b-deee-4221-958e-0881cfcffe71,aa3a7ee9-94c2-4ebb-a5da-07a7639ad45a,2026-07-17 12:12:39.767304+00
9f6efb67-379d-4693-a373-c1afc4327514,00087439-9765-4963-834e-97494e9d78cb,2aacc0aa-9c94-4308-95ac-7d96ce817ad9,2026-07-19 11:12:39.767304+00
359d8bd7-0ab7-4fc8-8db2-46b31b16c08c,00087439-9765-4963-834e-97494e9d78cb,a60a17e3-d718-402f-8dee-9541cb5e6cb0,2026-07-19 12:12:39.767304+00
5b0448f0-5dbf-4c37-b184-9ec146c74ac4,3e2b122d-e87a-4701-9a67-21a44571af70,aa3a7ee9-94c2-4ebb-a5da-07a7639ad45a,2026-07-20 10:12:39.767304+00
dc97ebe7-9405-475f-a7a0-b3abd7400899,30b44a58-ea5d-48b4-a19d-42b3bba182f9,2aacc0aa-9c94-4308-95ac-7d96ce817ad9,2026-07-21 09:12:39.767304+00
40c2adc4-5211-4d11-9923-95b8684027af,75502e33-b36c-4179-b3bc-d3616733074a,aa3a7ee9-94c2-4ebb-a5da-07a7639ad45a,2026-07-22 08:12:39.767304+00
8a4c2601-24b0-4cd2-9e0a-88da85d4c540,75502e33-b36c-4179-b3bc-d3616733074a,a60a17e3-d718-402f-8dee-9541cb5e6cb0,2026-07-22 09:12:39.767304+00
567f8e95-4c8f-4593-a2c0-d883e106c1e2,544453e6-649c-4d60-a768-28e1921f2827,2aacc0aa-9c94-4308-95ac-7d96ce817ad9,2026-07-23 07:12:39.767304+00
b54007c4-cfd5-4fcb-875c-460cbf34ac12,7c3f1e51-a954-4451-9ba3-d688f5649d20,aa3a7ee9-94c2-4ebb-a5da-07a7639ad45a,2026-07-24 06:12:39.767304+00
e7ac9165-3816-4003-b5ea-5aae255dbb40,dba5f6b3-ae35-4003-84e2-ac538c6524e7,2aacc0aa-9c94-4308-95ac-7d96ce817ad9,2026-06-25 05:12:39.767304+00
6b5c9b2a-5cd8-486c-b5e5-2a9d11fe9b54,dba5f6b3-ae35-4003-84e2-ac538c6524e7,a60a17e3-d718-402f-8dee-9541cb5e6cb0,2026-06-25 06:12:39.767304+00
3896b088-3a5b-4a76-821f-aa1e414e4a8f,c9eaf8ac-4353-457f-8bf6-868498de6173,281104dc-50ee-4fd2-b724-ff5ed73c1553,2026-06-26 04:12:39.767304+00
a29f9c4f-58d4-482e-83f8-e33eb44e90bc,b395845f-efc7-45d6-98fc-3851a94e9d24,281104dc-50ee-4fd2-b724-ff5ed73c1553,2026-06-27 03:12:39.767304+00
31f66b0d-76d9-4d31-a3b8-bb59721cc7b6,9ff41262-a67d-4b6b-b579-3367bfb16c88,281104dc-50ee-4fd2-b724-ff5ed73c1553,2026-06-28 02:12:39.767304+00
e5355a17-f6c0-45c5-a2fb-1f8f70b56ead,9ff41262-a67d-4b6b-b579-3367bfb16c88,f0c91762-8421-42a5-933f-a7c91fde6dc2,2026-06-28 03:12:39.767304+00
bf117fc2-36b4-4d08-b5a7-7f5350c03ab4,aac5987e-4052-4db3-80b2-6caa6f892c04,281104dc-50ee-4fd2-b724-ff5ed73c1553,2026-06-29 01:12:39.767304+00
1a34ad93-18d1-4683-9f22-7c2d75c16404,724c760b-ad0d-449d-8fc2-b69502bccc11,281104dc-50ee-4fd2-b724-ff5ed73c1553,2026-06-30 00:12:39.767304+00
0f6835be-239d-4e25-84ea-d0524bc087f7,6eac81fc-69d5-4c47-9808-abd498f5568b,281104dc-50ee-4fd2-b724-ff5ed73c1553,2026-06-30 23:12:39.767304+00
9af37ed3-69fa-4ee3-90bd-1c9ba86f20e3,6eac81fc-69d5-4c47-9808-abd498f5568b,f0c91762-8421-42a5-933f-a7c91fde6dc2,2026-07-01 00:12:39.767304+00
06aa93ee-bae0-45ed-950b-0a134f76cf89,bf71c8c5-9a6b-4abd-a110-f22074f451ae,281104dc-50ee-4fd2-b724-ff5ed73c1553,2026-07-01 22:12:39.767304+00
3caa10f2-1d11-49b7-beea-016275b077ad,7fed2d51-229c-4294-a225-1dc8af600d3d,281104dc-50ee-4fd2-b724-ff5ed73c1553,2026-07-02 21:12:39.767304+00
d40f0f30-f7f9-4929-868d-5b35ef1333d1,a2293cb4-d466-43fc-b84b-925ecefe69f0,281104dc-50ee-4fd2-b724-ff5ed73c1553,2026-07-03 20:12:39.767304+00
7b4b71bb-3b1b-4252-92f8-fdae16646505,a2293cb4-d466-43fc-b84b-925ecefe69f0,f0c91762-8421-42a5-933f-a7c91fde6dc2,2026-07-03 21:12:39.767304+00
2439f677-b654-4052-b53b-ff9632e5520b,e4839aae-1d48-44a3-9ca1-064cde5a92be,281104dc-50ee-4fd2-b724-ff5ed73c1553,2026-07-04 19:12:39.767304+00
76b36ca2-0739-4405-8c23-356d02cb7068,63618222-9339-4b06-a41a-1ba773b8c2dd,281104dc-50ee-4fd2-b724-ff5ed73c1553,2026-07-05 18:12:39.767304+00
246806ac-9e68-469e-909a-24c88303a03d,eed8f367-fda0-492e-9758-1035f285c19d,281104dc-50ee-4fd2-b724-ff5ed73c1553,2026-07-06 17:12:39.767304+00
0fe20740-9637-4acc-b5de-3cff9396e8de,eed8f367-fda0-492e-9758-1035f285c19d,f0c91762-8421-42a5-933f-a7c91fde6dc2,2026-07-06 18:12:39.767304+00
dea897de-99df-42d7-8704-296a39da7a8c,49d98394-64c1-4b33-bd7c-a1174a0c3c86,2aacc0aa-9c94-4308-95ac-7d96ce817ad9,2026-07-07 16:12:39.767304+00
99d5290c-3054-471e-b818-0821928544e1,0a734496-9c22-4c85-a4f1-05f50c05ca9a,2aacc0aa-9c94-4308-95ac-7d96ce817ad9,2026-07-08 15:12:39.767304+00
24166158-3a61-4a21-a485-2bd06bff84b8,54c070c7-62f0-40fa-80cf-bdd83ebb7ba7,2aacc0aa-9c94-4308-95ac-7d96ce817ad9,2026-07-09 14:12:39.767304+00
982095bf-5765-4cc6-bb4c-952390d6eaaf,a5ddf8ed-8b4d-4793-8d0e-89c7c488fcda,2aacc0aa-9c94-4308-95ac-7d96ce817ad9,2026-07-10 13:12:39.767304+00
4561301e-5e58-42f3-9215-08e3b5ed04d5,b94dcc93-8810-4b55-b40b-4a74e3299859,2aacc0aa-9c94-4308-95ac-7d96ce817ad9,2026-07-11 12:12:39.767304+00
268308f7-71d0-4815-bb0e-05cc017c572f,2c64f77f-5707-4f82-a907-efec73bea6dc,2aacc0aa-9c94-4308-95ac-7d96ce817ad9,2026-07-13 11:12:39.767304+00
c95a9dc8-9692-42f9-956e-c96eb7019b18,5f235959-263d-4ae8-9a31-c46650c17f4b,2aacc0aa-9c94-4308-95ac-7d96ce817ad9,2026-07-14 10:12:39.767304+00
db29d3ea-e7af-4945-8718-aa77b8234f1b,4ab9b308-1ffd-432f-8ee7-90938f6b6cf1,2aacc0aa-9c94-4308-95ac-7d96ce817ad9,2026-07-15 09:12:39.767304+00
ee6ac6a2-cd48-450d-b532-107732be4e3a,f7e07729-3793-4f9c-a40f-8f9d76471965,ceb850a3-632d-4064-8a27-bd9a3c852962,2026-07-01 09:53:32.020828+00
53e1af5b-5a7f-4d8c-aa31-efd1032e4454,b502d748-f45e-4383-b13d-d4a6b4e284ef,eb6a6e1d-ed36-4c32-90a7-046fc00bacfc,2026-07-02 08:53:32.020828+00
1694ca1d-06cf-41fb-83f0-8161342ae8e2,d6baded5-e6b8-4131-a487-43c5bb372243,ceb850a3-632d-4064-8a27-bd9a3c852962,2026-07-03 07:53:32.020828+00
c1c79041-e78b-455f-a5c9-a347e1c0a44c,d6baded5-e6b8-4131-a487-43c5bb372243,f0c91762-8421-42a5-933f-a7c91fde6dc2,2026-07-03 08:23:32.020828+00
f43e5f78-8583-4af7-8b57-97783b206086,a98ed97a-2aaf-41fb-bd31-518d908470a7,eb6a6e1d-ed36-4c32-90a7-046fc00bacfc,2026-07-04 06:53:32.020828+00
034b56eb-c1a3-4bda-b673-ef080c58d610,15ed2563-3650-40f2-8be7-ed4837d80038,ceb850a3-632d-4064-8a27-bd9a3c852962,2026-07-05 05:53:32.020828+00
dc570fc8-600c-476d-8820-0faab594aeb4,986d6da0-fa9d-4006-b4d1-32c9341b04c0,eb6a6e1d-ed36-4c32-90a7-046fc00bacfc,2026-07-06 04:53:32.020828+00
5aea3f01-6a63-4497-afa0-de70cb29ac4c,986d6da0-fa9d-4006-b4d1-32c9341b04c0,f0c91762-8421-42a5-933f-a7c91fde6dc2,2026-07-06 05:23:32.020828+00
4386f129-df4c-4d57-9f81-d21714f4e665,1135524f-e51b-4f86-840e-1f8e3b21bba8,ceb850a3-632d-4064-8a27-bd9a3c852962,2026-07-07 03:53:32.020828+00
6a4dd18a-23cf-4342-af0d-46cb9d55d97d,dadec85a-6e24-438a-ad79-2574947eff97,eb6a6e1d-ed36-4c32-90a7-046fc00bacfc,2026-07-08 02:53:32.020828+00
2d690db1-c12c-4eb1-9772-1661ced8445b,04785d11-5751-47d9-8257-1154464beb87,ceb850a3-632d-4064-8a27-bd9a3c852962,2026-07-09 01:53:32.020828+00
1c29ac13-058b-4cde-8edc-1aa0147a0315,04785d11-5751-47d9-8257-1154464beb87,f0c91762-8421-42a5-933f-a7c91fde6dc2,2026-07-09 02:23:32.020828+00
cb2d62fa-a690-403b-99ae-464ad012b705,14abb1de-1094-4f4d-bb99-6e72c74eacf6,eb6a6e1d-ed36-4c32-90a7-046fc00bacfc,2026-07-10 00:53:32.020828+00
ac220301-16e1-4aaf-a6ad-d066fe599a80,63b2e838-e0df-44d9-a532-acba56851482,ceb850a3-632d-4064-8a27-bd9a3c852962,2026-07-10 23:53:32.020828+00
6b603867-b3e3-477e-9a35-b074cec332df,3ad19f54-9d0b-4acb-bde7-345bbdf37794,eb6a6e1d-ed36-4c32-90a7-046fc00bacfc,2026-07-12 10:53:32.020828+00
9c04780e-e31f-47c9-8664-bb10e84791d1,3ad19f54-9d0b-4acb-bde7-345bbdf37794,85834d1c-0849-4a44-8887-9a5eda976ad0,2026-07-12 11:23:32.020828+00
76579879-e413-4c96-a2dd-d903a61efed6,7bf70f2b-9804-4ba8-bffa-74c54281fb27,ceb850a3-632d-4064-8a27-bd9a3c852962,2026-07-13 09:53:32.020828+00
8026d3db-6802-4d1b-9602-3f76aaa4163d,fb532b99-14bf-4c9f-9b44-d37bf321584d,eb6a6e1d-ed36-4c32-90a7-046fc00bacfc,2026-07-14 08:53:32.020828+00
daae37bf-fc53-48ba-b0ee-d2fea009d404,3b353b47-0c6f-4041-9714-3a5bcc93eec6,ceb850a3-632d-4064-8a27-bd9a3c852962,2026-07-15 07:53:32.020828+00
54454f0b-ef12-4855-98dd-70c9eee26fcf,3b353b47-0c6f-4041-9714-3a5bcc93eec6,f0c91762-8421-42a5-933f-a7c91fde6dc2,2026-07-15 08:23:32.020828+00
c1b6c5c7-2601-4cfc-ba2d-18b6e87090ea,13646935-9bb7-4ff2-ab78-395d01ac8f42,eb6a6e1d-ed36-4c32-90a7-046fc00bacfc,2026-07-16 06:53:32.020828+00
051afd2f-9f9d-4353-af74-8917ac617524,9e036fc5-9254-4d9e-87a3-fd9cfb2e1f87,ceb850a3-632d-4064-8a27-bd9a3c852962,2026-07-17 05:53:32.020828+00
bf6953f0-2702-41e7-b033-72bd7cfbf9ca,6f6b5875-517d-43e1-a490-f1f1aee2a594,eb6a6e1d-ed36-4c32-90a7-046fc00bacfc,2026-07-18 04:53:32.020828+00
b01f0d13-d2b4-4402-b15f-a6ae3fdc77eb,6f6b5875-517d-43e1-a490-f1f1aee2a594,f0c91762-8421-42a5-933f-a7c91fde6dc2,2026-07-18 05:23:32.020828+00
a18b2941-9b58-4d83-95d9-80f6182e5b1e,7f0bbd9e-df88-4e36-b9e7-0e6ac8c86b52,aa3a7ee9-94c2-4ebb-a5da-07a7639ad45a,2026-07-19 03:53:32.020828+00
878ec66c-7a64-4206-a47e-98b8234fb7b9,69f881b1-1db9-48fe-85a5-affec6e60c3c,2aacc0aa-9c94-4308-95ac-7d96ce817ad9,2026-07-20 02:53:32.020828+00
754dba82-7c9e-40f8-a2bf-e453a67bb57e,810790f7-5e8b-424b-8dd8-5ab47292e6a7,aa3a7ee9-94c2-4ebb-a5da-07a7639ad45a,2026-07-21 01:53:32.020828+00
da135507-18a8-4fc0-8b20-a49d87b4130f,810790f7-5e8b-424b-8dd8-5ab47292e6a7,a60a17e3-d718-402f-8dee-9541cb5e6cb0,2026-07-21 02:23:32.020828+00
523519d1-baa7-4976-a871-06af944ad3dc,575f5b41-64fb-49e1-a280-f421ac919af5,2aacc0aa-9c94-4308-95ac-7d96ce817ad9,2026-07-22 00:53:32.020828+00
b9ddd9cd-ea13-48b8-bf01-2cb4883e4af3,2fb81a7f-76fc-4e6d-84f7-4d30accf7bf2,aa3a7ee9-94c2-4ebb-a5da-07a7639ad45a,2026-07-22 23:53:32.020828+00
cc535e45-78bd-43aa-a6da-7ce36d0b8cc6,185283c7-fcea-4af4-939a-a2e7af4440be,2aacc0aa-9c94-4308-95ac-7d96ce817ad9,2026-07-24 10:53:32.020828+00
cdf2250e-79ee-471e-837b-b5e852c491bf,185283c7-fcea-4af4-939a-a2e7af4440be,a60a17e3-d718-402f-8dee-9541cb5e6cb0,2026-07-24 11:23:32.020828+00
a58528e1-6e65-4386-b0c3-171a5827d970,7400b190-bf80-4fd6-82ac-4f16e210b0f9,aa3a7ee9-94c2-4ebb-a5da-07a7639ad45a,2026-06-30 09:53:32.020828+00
56854044-b662-4fb8-8f4c-0eb47090ddbe,a3ef7514-1f0d-4e91-b0de-e3948760bb2f,2aacc0aa-9c94-4308-95ac-7d96ce817ad9,2026-07-01 08:53:32.020828+00
b5c1195d-93b8-40cb-9ca4-ea4ea583a0c0,dc2cab2b-7080-4650-b7b9-2efdb24a4f9a,aa3a7ee9-94c2-4ebb-a5da-07a7639ad45a,2026-07-02 07:53:32.020828+00
dc12173c-3c5c-4e57-b67d-ce264e85ea0c,dc2cab2b-7080-4650-b7b9-2efdb24a4f9a,a60a17e3-d718-402f-8dee-9541cb5e6cb0,2026-07-02 08:23:32.020828+00
9bd7bddf-778a-494f-81e0-327ad9e2220d,5acda921-8d5b-4917-87a7-aa341cd34b0c,2aacc0aa-9c94-4308-95ac-7d96ce817ad9,2026-07-03 06:53:32.020828+00
d5e20b3e-fb2e-41e5-b488-3109c6167b5b,a3b77b64-4346-4896-b298-14ab84d79d3a,aa3a7ee9-94c2-4ebb-a5da-07a7639ad45a,2026-07-04 05:53:32.020828+00
c9bd7efc-0978-4cd5-9232-8c7fd1e34e12,0da4fab1-45f5-48a2-94c0-29ca4ef3cca1,2aacc0aa-9c94-4308-95ac-7d96ce817ad9,2026-07-05 04:53:32.020828+00
22251315-4f92-41be-8e19-8c421a51c9b0,0da4fab1-45f5-48a2-94c0-29ca4ef3cca1,a60a17e3-d718-402f-8dee-9541cb5e6cb0,2026-07-05 05:23:32.020828+00
6ba3f7ae-a975-4996-a259-82abe3d1bc83,c264bec8-4675-4934-82f6-48e2c4220173,aa3a7ee9-94c2-4ebb-a5da-07a7639ad45a,2026-07-06 03:53:32.020828+00
548f5a8c-dcd1-456c-a39d-62f7e554f594,1c7cf8ce-869f-4285-9f0a-6064eedc39a3,2aacc0aa-9c94-4308-95ac-7d96ce817ad9,2026-07-07 02:53:32.020828+00
9627207b-2a0c-4a89-99c3-8cdf718a1169,2988a09c-6eda-417c-b27e-51402c3cfe11,281104dc-50ee-4fd2-b724-ff5ed73c1553,2026-07-08 01:53:32.020828+00
63829873-044d-4ef5-b6ff-088f750d3ab1,967ab985-1167-4bd4-b222-e70fbbce1538,f0c91762-8421-42a5-933f-a7c91fde6dc2,2026-07-09 00:53:32.020828+00
1b84c14c-31f1-4926-b980-c2a4c359ef16,61b8d261-a4ea-470a-93d1-c457fab15d47,f0c91762-8421-42a5-933f-a7c91fde6dc2,2026-07-09 23:53:32.020828+00
91f05b35-dea6-4d32-a66d-25dadf0df746,b063c080-2962-4127-bd7c-fecd1697b3e5,281104dc-50ee-4fd2-b724-ff5ed73c1553,2026-07-11 10:53:32.020828+00
89166669-bda9-4dd2-b9d0-8aa1d7dfe1bf,b063c080-2962-4127-bd7c-fecd1697b3e5,f0c91762-8421-42a5-933f-a7c91fde6dc2,2026-07-11 11:23:32.020828+00
42a0a240-e7e9-41d4-b2a9-a187dff62a01,9f6a0bb0-aafd-4a70-ae25-319904c2b89d,f0c91762-8421-42a5-933f-a7c91fde6dc2,2026-07-12 09:53:32.020828+00
a4224a14-bde9-4d90-ab92-9877166918fd,fc69afef-ae66-4b4e-987e-c11159b5a85f,f0c91762-8421-42a5-933f-a7c91fde6dc2,2026-07-13 08:53:32.020828+00
bf9a02a5-2f4c-4e9c-a1e4-4d0908c57923,378e8cbc-077c-4f95-a60e-1349bd967fae,281104dc-50ee-4fd2-b724-ff5ed73c1553,2026-07-14 07:53:32.020828+00
e6dfbc3f-8a49-4230-a0e9-814ec51efef8,afe93b8a-e3ae-4afd-b850-2d3df66b358c,f0c91762-8421-42a5-933f-a7c91fde6dc2,2026-07-15 06:53:32.020828+00
722fc2e5-18a4-4d8f-b217-895c07876292,e1e838d4-924c-4b7e-9624-c015f4a0dfeb,f0c91762-8421-42a5-933f-a7c91fde6dc2,2026-07-16 05:53:32.020828+00
28375361-e33c-4230-a9fe-f6d6e13c7e9d,88560ffb-4bda-4171-adf8-1e46d17231fb,281104dc-50ee-4fd2-b724-ff5ed73c1553,2026-07-17 04:53:32.020828+00
274a0c3f-4663-43dc-b7e9-fe51c0c08c3a,88560ffb-4bda-4171-adf8-1e46d17231fb,f0c91762-8421-42a5-933f-a7c91fde6dc2,2026-07-17 05:23:32.020828+00
fe67354f-3d0d-49d5-a760-1e4152b3112c,18ed83a7-6ab2-4487-a654-398c2c35eb97,f0c91762-8421-42a5-933f-a7c91fde6dc2,2026-07-18 03:53:32.020828+00
613bdf23-e224-4fe5-828e-2cdc30eed2eb,edc3d1cb-c14d-4901-9056-af66f3548f2c,f0c91762-8421-42a5-933f-a7c91fde6dc2,2026-07-19 02:53:32.020828+00
ea122c54-a6d0-4c71-8d4c-663071ddf84e,982f3bcf-9f50-4972-9997-6e72dca592fc,2aacc0aa-9c94-4308-95ac-7d96ce817ad9,2026-07-20 01:53:32.020828+00
96fddbc8-cc0e-427f-9406-6fac9c6948dd,21e95085-20db-4d4d-bd19-be16788110a6,2aacc0aa-9c94-4308-95ac-7d96ce817ad9,2026-07-21 00:53:32.020828+00
00e31035-c4ac-4c0e-a297-ea3132961867,a82baf7f-87e4-4887-910e-59a637f605d6,2aacc0aa-9c94-4308-95ac-7d96ce817ad9,2026-07-21 23:53:32.020828+00
666dacc2-550a-4143-b23e-8d5e30750812,a492d919-9cc6-4245-83db-933a658d2c16,2aacc0aa-9c94-4308-95ac-7d96ce817ad9,2026-07-23 10:53:32.020828+00
420087af-867e-45ea-b118-95731755e953,fd8cc13c-31bf-4067-bfc7-1f41332ef8d5,2aacc0aa-9c94-4308-95ac-7d96ce817ad9,2026-07-24 09:53:32.020828+00
fa197a30-3248-4e23-94d7-baff2d6fed6a,9d2d4463-2677-490e-ac28-3b748617e6e5,2aacc0aa-9c94-4308-95ac-7d96ce817ad9,2026-06-30 08:53:32.020828+00
8e731c97-bd4f-4619-a423-6e2febc80360,a5773a13-ff42-4e9b-979d-6492e2401fbe,f0c91762-8421-42a5-933f-a7c91fde6dc2,2026-07-25 10:23:51.458159+00
b32cd8ac-2933-418a-a216-2ab54b801047,a5773a13-ff42-4e9b-979d-6492e2401fbe,85834d1c-0849-4a44-8887-9a5eda976ad0,2026-07-25 10:23:51.458159+00
edf5b1e1-6eaa-4c62-a9a7-fec770af271a,a5773a13-ff42-4e9b-979d-6492e2401fbe,ceb850a3-632d-4064-8a27-bd9a3c852962,2026-07-25 10:23:51.458159+00
fc9b49f5-693c-4fe9-bd17-13a3fa1ba359,a5773a13-ff42-4e9b-979d-6492e2401fbe,eb6a6e1d-ed36-4c32-90a7-046fc00bacfc,2026-07-25 10:23:51.458159+00
0cf68eb0-a3af-4d95-b20d-50f960280d91,acc36e3e-e883-4ad3-938c-201a100b77d5,ceb850a3-632d-4064-8a27-bd9a3c852962,2026-07-25 10:24:03.520461+00
3c735ed8-ce94-4588-95d6-99018d43508c,acc36e3e-e883-4ad3-938c-201a100b77d5,eb6a6e1d-ed36-4c32-90a7-046fc00bacfc,2026-07-25 10:24:03.520461+00
46507ad8-0c1a-4ee0-ac17-8759b90bc68e,acc36e3e-e883-4ad3-938c-201a100b77d5,f0c91762-8421-42a5-933f-a7c91fde6dc2,2026-07-25 10:24:03.520461+00
f5279238-f6c7-45e1-b7a2-a9835f951c45,acc36e3e-e883-4ad3-938c-201a100b77d5,85834d1c-0849-4a44-8887-9a5eda976ad0,2026-07-25 10:24:03.520461+00
a36c0227-7aa0-4fd1-9f86-e48fbc36241f,6578a112-374d-4073-9848-38d1dd294ab3,ceb850a3-632d-4064-8a27-bd9a3c852962,2026-06-26 07:40:26.312764+00
a28bee5b-d8d9-40e1-8641-923eae5aceb5,9bdd0b96-edd3-4dd3-9bd6-171c47c62fc7,eb6a6e1d-ed36-4c32-90a7-046fc00bacfc,2026-06-27 04:40:26.312764+00
88fd047e-56c5-43a4-bb70-74893d21a165,1b74a51b-1e19-4656-91fc-2747e2b76684,ceb850a3-632d-4064-8a27-bd9a3c852962,2026-06-28 01:40:26.312764+00
13e57ad9-7448-470d-99ae-06c2508837b3,71770edc-4a22-4999-bed4-08b11f69a4b0,eb6a6e1d-ed36-4c32-90a7-046fc00bacfc,2026-06-28 22:40:26.312764+00
a4e9f3f5-bd30-4ca6-81a4-5fa7726ffde9,c7b0a37e-41f4-4cbf-805a-5d22a312b958,ceb850a3-632d-4064-8a27-bd9a3c852962,2026-06-29 19:40:26.312764+00
8a2b2dd2-621c-4372-aa9b-e583420eb9c2,ee1d2119-de83-4e96-afba-81ec2dc4e4fc,eb6a6e1d-ed36-4c32-90a7-046fc00bacfc,2026-06-30 16:40:26.312764+00
b80faf6d-9d8a-4ae7-a628-1d9701c6b5ae,040c777b-4a3d-45a8-bd56-d59b74a35241,ceb850a3-632d-4064-8a27-bd9a3c852962,2026-07-01 13:40:26.312764+00
c4cd4ed1-432c-429d-ae65-5e5d08c452ef,32d0a8b0-65d2-4d43-b8be-bf27baee84cf,eb6a6e1d-ed36-4c32-90a7-046fc00bacfc,2026-07-03 10:40:26.312764+00
f7008894-627d-4e52-9c6c-13352a3066db,4b12dd43-9dd2-4a1b-ade4-1b85a0801b8a,ceb850a3-632d-4064-8a27-bd9a3c852962,2026-07-04 07:40:26.312764+00
f915f878-d622-44c5-b8e6-50caa96ca34c,355336f6-9d5b-45b4-baa6-9f937b61d3e1,eb6a6e1d-ed36-4c32-90a7-046fc00bacfc,2026-07-05 04:40:26.312764+00
b0f5c105-5555-49d8-9b3b-1eea0982d45a,71dca881-3d9d-415a-abb4-facdcfceeaf7,ceb850a3-632d-4064-8a27-bd9a3c852962,2026-07-06 01:40:26.312764+00
a492e40b-5c62-4b90-b989-89b934cf5178,80728e85-6341-4cdd-98a2-745c759e3afa,eb6a6e1d-ed36-4c32-90a7-046fc00bacfc,2026-07-06 22:40:26.312764+00
77b3dc17-34bf-45c8-a371-d96670a0b7c5,2a4ec5db-62ab-40c4-b892-1a0b516b5617,ceb850a3-632d-4064-8a27-bd9a3c852962,2026-07-07 19:40:26.312764+00
09ec4c3f-542e-4c6d-b6d4-c5c1d7f7462d,88a946a9-df8c-494c-9fe2-5da48ba786cd,eb6a6e1d-ed36-4c32-90a7-046fc00bacfc,2026-07-08 16:40:26.312764+00
c1c20f6b-e19e-4d06-ae3c-f9b15ed98f3b,d62a034f-6272-460b-a20f-c248d159af18,ceb850a3-632d-4064-8a27-bd9a3c852962,2026-07-09 13:40:26.312764+00
6a44bd44-40a7-4f19-93c3-7eb85b0ab5a4,fda4299c-9a3b-4289-accb-e9537eedb3d4,eb6a6e1d-ed36-4c32-90a7-046fc00bacfc,2026-07-11 10:40:26.312764+00
a9b390f5-6424-4b43-b4e3-313c9d00b9c9,41fc0559-cd9f-497d-bdbd-fa9268e903f6,ceb850a3-632d-4064-8a27-bd9a3c852962,2026-07-12 07:40:26.312764+00
e7c3e12b-341f-4475-89a7-5c739ffd82d6,5908175c-8cc8-40f5-8484-b904be346ea2,eb6a6e1d-ed36-4c32-90a7-046fc00bacfc,2026-07-13 04:40:26.312764+00
af00914f-0544-4917-88c1-23f91db6c771,51d365fb-db0c-4b53-8a73-7572e6529479,ceb850a3-632d-4064-8a27-bd9a3c852962,2026-07-14 01:40:26.312764+00
a4c80131-b71c-40d2-a1b7-f05c093c6d54,f671c29f-36fc-4317-b828-34eaa548252e,eb6a6e1d-ed36-4c32-90a7-046fc00bacfc,2026-07-14 22:40:26.312764+00
04960acb-d85e-4ec2-96fa-dfa0872a53dc,f671c29f-36fc-4317-b828-34eaa548252e,85834d1c-0849-4a44-8887-9a5eda976ad0,2026-07-14 23:10:26.312764+00
715360dd-29c0-43e6-b52c-9cdf454bc4f3,a42e36da-a8c0-4a5a-861e-20fdafc3b368,aa3a7ee9-94c2-4ebb-a5da-07a7639ad45a,2026-07-15 19:40:26.312764+00
1ab6ecf1-519d-47c1-85b6-462c2c5fe772,b80ff49d-6fc0-4fb5-84c9-522f09504d78,2aacc0aa-9c94-4308-95ac-7d96ce817ad9,2026-07-16 16:40:26.312764+00
16edbdd6-b11b-4fe8-94b4-56a265186676,2b2c303c-a324-47f0-80aa-a049ac08c350,aa3a7ee9-94c2-4ebb-a5da-07a7639ad45a,2026-07-17 13:40:26.312764+00
83bb2a03-6d22-43e1-a85f-16c53d09af21,29a3f8a4-6572-4cb7-b0f0-f028e820a019,2aacc0aa-9c94-4308-95ac-7d96ce817ad9,2026-07-19 10:40:26.312764+00
bbc0001e-23c4-4a18-a487-d55999119ef6,29a3f8a4-6572-4cb7-b0f0-f028e820a019,a60a17e3-d718-402f-8dee-9541cb5e6cb0,2026-07-19 11:10:26.312764+00
d3363b7a-c806-4e54-9082-891ce643e3de,d35aebe3-8325-4741-92c7-5cb0401073f4,aa3a7ee9-94c2-4ebb-a5da-07a7639ad45a,2026-07-20 07:40:26.312764+00
af73d2f4-4904-4c6e-b2dd-1e48044b0b50,abdc3bd8-629e-4686-bca6-fcd8d48787de,2aacc0aa-9c94-4308-95ac-7d96ce817ad9,2026-07-21 04:40:26.312764+00
0451eb1e-cbe3-4a45-9f9a-6fa0dd94c597,9a7cac2f-b2c7-4b60-9fd7-af6ed642179a,aa3a7ee9-94c2-4ebb-a5da-07a7639ad45a,2026-07-22 01:40:26.312764+00
6568c699-042f-4231-a79f-2ab20021f7cf,844e29c7-3e3c-4482-87db-d22448a02cb8,2aacc0aa-9c94-4308-95ac-7d96ce817ad9,2026-07-22 22:40:26.312764+00
df3630be-6965-4334-b7b9-9487a2b3ae1c,844e29c7-3e3c-4482-87db-d22448a02cb8,a60a17e3-d718-402f-8dee-9541cb5e6cb0,2026-07-22 23:10:26.312764+00
294ae5aa-5522-497f-9820-c9fb5509be2a,ab9941f2-4815-4fea-8c63-5ab179611fb9,aa3a7ee9-94c2-4ebb-a5da-07a7639ad45a,2026-07-23 19:40:26.312764+00
5641ef69-d18f-4c1b-9706-38720505e40f,ccd34424-519f-44dd-b3e1-2aa7cd80e9e0,2aacc0aa-9c94-4308-95ac-7d96ce817ad9,2026-06-24 16:40:26.312764+00
87d91539-1cd3-4ae7-a09e-158ac7ec42bf,0cfc9617-93d4-4c51-9a16-be21d801ea94,aa3a7ee9-94c2-4ebb-a5da-07a7639ad45a,2026-06-25 13:40:26.312764+00
f286422a-a0bb-4f0d-868a-244687767426,cf9922c0-be0b-48aa-9a60-f28fc0ae35c1,2aacc0aa-9c94-4308-95ac-7d96ce817ad9,2026-06-27 10:40:26.312764+00
15aadbc3-7c86-4028-8b3b-91912483850f,cf9922c0-be0b-48aa-9a60-f28fc0ae35c1,a60a17e3-d718-402f-8dee-9541cb5e6cb0,2026-06-27 11:10:26.312764+00
142250e3-024b-4937-bea1-27c4cc957af4,47f3596e-9b61-4d24-900e-82c1dbadb7e8,aa3a7ee9-94c2-4ebb-a5da-07a7639ad45a,2026-06-28 07:40:26.312764+00
5a007ec2-fb80-4760-a0ed-1a6c948dede3,f0675f40-322c-4783-a434-d7e583ab6fef,2aacc0aa-9c94-4308-95ac-7d96ce817ad9,2026-06-29 04:40:26.312764+00
00033112-4830-461c-b807-9f37c6da476a,e061a04d-4261-426a-8d62-7795b6433088,aa3a7ee9-94c2-4ebb-a5da-07a7639ad45a,2026-06-30 01:40:26.312764+00
2611a849-a9e7-4a9c-a31f-c89d4983961d,c905cd39-0b9e-4807-a2ee-09921b3ccd9e,2aacc0aa-9c94-4308-95ac-7d96ce817ad9,2026-06-30 22:40:26.312764+00
f0f4e992-195d-425f-9266-1ea2d1baf2d6,c905cd39-0b9e-4807-a2ee-09921b3ccd9e,a60a17e3-d718-402f-8dee-9541cb5e6cb0,2026-06-30 23:10:26.312764+00
99605477-ca9a-4107-8625-2bd01c944cc7,04bc226c-7d95-4446-9df2-96d41ca46edc,aa3a7ee9-94c2-4ebb-a5da-07a7639ad45a,2026-07-01 19:40:26.312764+00
517ff37d-c4c1-4a90-9d02-7f83384f964f,a6608f47-ef44-4c0a-9eac-aa1b9b1bb446,2aacc0aa-9c94-4308-95ac-7d96ce817ad9,2026-07-02 16:40:26.312764+00
64313235-7d71-4b7b-bceb-93b7b113471e,ff9e03a5-925c-4d15-a0b6-7fe032cb1b4b,281104dc-50ee-4fd2-b724-ff5ed73c1553,2026-07-03 13:40:26.312764+00
dda940a0-5759-4330-9acb-e418959e0324,820b86e1-0098-45d5-b705-9437057bae77,f0c91762-8421-42a5-933f-a7c91fde6dc2,2026-07-05 10:40:26.312764+00
15de7de6-5d03-44c2-bcc3-5b0bae132f2a,f065fcb1-025f-4c65-92cc-0cc5f2f65d2e,f0c91762-8421-42a5-933f-a7c91fde6dc2,2026-07-06 07:40:26.312764+00
2ad84574-8874-409f-97d5-ac44b761d506,8036412d-0dc2-44a6-b742-9e303e03cbe9,281104dc-50ee-4fd2-b724-ff5ed73c1553,2026-07-07 04:40:26.312764+00
ee0ecaa0-d185-45c1-bed2-0ea9e2139594,e776fe58-1821-4d9f-b122-f47d499f3bf2,f0c91762-8421-42a5-933f-a7c91fde6dc2,2026-07-08 01:40:26.312764+00
bacd6350-8c0e-454b-8f43-be2893f2b3dc,d9d1b7a8-cc37-4ebb-9549-b0f6110241de,f0c91762-8421-42a5-933f-a7c91fde6dc2,2026-07-08 22:40:26.312764+00
94eab7bb-de5a-40f2-a330-024a97a72b2a,d05ed6b2-30ce-4965-82f2-ba74b04e5121,281104dc-50ee-4fd2-b724-ff5ed73c1553,2026-07-09 19:40:26.312764+00
a9870212-3144-49b1-ba7b-a4af014c01a1,4b8c622f-96c2-4974-9fcd-773f1b6fbdf3,f0c91762-8421-42a5-933f-a7c91fde6dc2,2026-07-10 16:40:26.312764+00
429cf6b3-9ae7-4dce-99a0-cbc86e23e6ef,f3673673-0240-4941-bc85-6e01a83c3bf0,f0c91762-8421-42a5-933f-a7c91fde6dc2,2026-07-11 13:40:26.312764+00
94378da3-b3f2-402c-bb01-46a0da25775a,bb2a9d79-571b-4c49-9e37-df4bd5e0b01d,281104dc-50ee-4fd2-b724-ff5ed73c1553,2026-07-13 10:40:26.312764+00
132ea62a-f48a-4f71-a5d4-447d2b8eaf08,bb2a9d79-571b-4c49-9e37-df4bd5e0b01d,f0c91762-8421-42a5-933f-a7c91fde6dc2,2026-07-13 11:10:26.312764+00
190b3ff8-8575-42f6-9d86-820ef2c9af35,3f1b8d9b-a9bc-4822-a1fb-8e965094e7cb,f0c91762-8421-42a5-933f-a7c91fde6dc2,2026-07-14 07:40:26.312764+00
722581b1-955d-4a5d-b8b3-afb73f06fcff,fd06cff2-2a86-4abe-800d-542a18d1bae6,f0c91762-8421-42a5-933f-a7c91fde6dc2,2026-07-15 04:40:26.312764+00
af6f8ec2-aa9b-4864-b9d6-e66112143663,e5397a22-9d00-4bbe-a8fc-8b2f89633500,281104dc-50ee-4fd2-b724-ff5ed73c1553,2026-07-16 01:40:26.312764+00
b5d3587d-c6b4-4be3-b573-dcfb49e1d6e2,77748bc7-01b8-436c-bf7f-2d6760599a2c,f0c91762-8421-42a5-933f-a7c91fde6dc2,2026-07-16 22:40:26.312764+00
c7a508b7-ff9d-4e41-8f84-28f640e03062,eafe28e4-90ee-417c-932f-7ded32eddc98,2aacc0aa-9c94-4308-95ac-7d96ce817ad9,2026-07-17 19:40:26.312764+00
d1a2412a-c763-4a73-aa30-170944e4771a,830c0751-d9dc-45e0-9bf7-909a627b7133,2aacc0aa-9c94-4308-95ac-7d96ce817ad9,2026-07-18 16:40:26.312764+00
860a0430-3890-4e6f-b338-8d67c5922d01,d71bab4f-bdde-4dce-93d3-05e24042abe9,2aacc0aa-9c94-4308-95ac-7d96ce817ad9,2026-07-19 13:40:26.312764+00
4a74985f-0ea2-4d2a-be39-56cb534b2314,e4a8335e-f406-4624-a898-8e234d991c5c,2aacc0aa-9c94-4308-95ac-7d96ce817ad9,2026-07-21 10:40:26.312764+00
916191d3-7cf9-48f2-b54f-8cb2b812ae29,a96128c4-6900-4cac-99af-1226af9fc51f,2aacc0aa-9c94-4308-95ac-7d96ce817ad9,2026-07-22 07:40:26.312764+00
14646eb3-8abf-4808-ba87-1659e16c6d0c,aff5e6ec-cbad-45fe-b018-161c82f32089,2aacc0aa-9c94-4308-95ac-7d96ce817ad9,2026-07-23 04:40:26.312764+00
8b943fcf-44fe-4db3-b463-a039b5a1cf54,683ca26d-c5a3-46c5-a6ab-62f665cd7fe4,2aacc0aa-9c94-4308-95ac-7d96ce817ad9,2026-07-24 01:40:26.312764+00
f5b46d93-f7cb-40eb-b960-9ee23a7fa526,f0c4da9c-9a63-4819-93db-d191a23c8c55,2aacc0aa-9c94-4308-95ac-7d96ce817ad9,2026-06-24 22:40:26.312764+00
16c7b31f-c89f-4cd9-a87c-8d5c375cbddc,1f40a627-9458-42c9-ab60-48345767d044,85834d1c-0849-4a44-8887-9a5eda976ad0,2026-07-25 10:25:38.924132+00
23d0abb5-fe3d-4309-9e4f-e276582a76a6,1f40a627-9458-42c9-ab60-48345767d044,eb6a6e1d-ed36-4c32-90a7-046fc00bacfc,2026-07-25 10:25:38.924132+00
3a95d506-f66e-48c4-910c-6f392584e653,1f40a627-9458-42c9-ab60-48345767d044,ceb850a3-632d-4064-8a27-bd9a3c852962,2026-07-25 10:25:38.924132+00
59329a9b-4473-4d16-92bd-5fe181598fb8,1f40a627-9458-42c9-ab60-48345767d044,f0c91762-8421-42a5-933f-a7c91fde6dc2,2026-07-25 10:25:38.924132+00
fe229fab-f779-440a-b195-45f5256d8adb,9daa0d8b-5fe3-40ec-a0c7-0dcabc28608c,ceb850a3-632d-4064-8a27-bd9a3c852962,2026-07-24 10:27:54.1051+00
7ec92c21-317b-427f-9058-ddb55b8661b9,a5edcc3b-4625-480f-a294-d58eb4fc8160,ceb850a3-632d-4064-8a27-bd9a3c852962,2026-07-24 10:28:01.629693+00
7235069e-bcd1-4e03-b0c2-5968ac93f6f5,32f37b38-32da-44c6-ad10-6ff775c04b7c,2aacc0aa-9c94-4308-95ac-7d96ce817ad9,2026-07-23 10:28:01.629693+00
3a7301b1-79ba-458a-84fe-29d9be065ec1,19d7fa70-8077-4030-b5c1-6a278208013b,a60a17e3-d718-402f-8dee-9541cb5e6cb0,2026-07-22 10:28:01.629693+00
07ce7ab6-dbc9-4e4e-83bb-56fb059770fb,0dd3cc6f-3218-492d-8065-29a8fbf60148,85834d1c-0849-4a44-8887-9a5eda976ad0,2026-07-21 10:28:01.629693+00
fe78ab30-df94-46a2-8d27-47a6e4da125c,90e3fee2-1016-4301-b9f0-a8d2d545ff89,aa3a7ee9-94c2-4ebb-a5da-07a7639ad45a,2026-07-20 10:28:01.629693+00
a0e9261f-f6a7-4e32-a1e2-d3981658bb76,cf16c91d-e686-4afc-92c4-71ab96a727b6,eb6a6e1d-ed36-4c32-90a7-046fc00bacfc,2026-07-19 10:28:01.629693+00
c87e0b97-3cf7-4dc3-9e4a-7ae8daa39945,a42b5e38-a65d-4291-a081-91818baa3474,ceb850a3-632d-4064-8a27-bd9a3c852962,2026-07-18 10:28:01.629693+00
f5b77662-8303-4e5e-9c9f-632fd9bb7129,2105af31-8499-4ba0-a5a1-15120614ea8e,2aacc0aa-9c94-4308-95ac-7d96ce817ad9,2026-07-17 10:28:01.629693+00
9a80d99b-ba53-4ad3-babd-a7b86e6e6551,3f814610-f076-4dc6-8ab1-0f0f49c0d550,a60a17e3-d718-402f-8dee-9541cb5e6cb0,2026-07-16 10:28:01.629693+00
241de4a2-c86a-4663-8ff6-41a7ecf1236b,5ba84b7e-6a51-4897-8cd7-ef506e51c626,85834d1c-0849-4a44-8887-9a5eda976ad0,2026-07-15 10:28:01.629693+00
772b5a04-e69c-4b6d-bdd8-9299ae5c28e1,5357c51a-ea17-4954-bd1b-2b05947edc57,aa3a7ee9-94c2-4ebb-a5da-07a7639ad45a,2026-07-14 10:28:01.629693+00
02647455-3813-4ff6-a900-68b3075f7d47,8923610a-729f-4830-83b7-e04f09a4fe27,eb6a6e1d-ed36-4c32-90a7-046fc00bacfc,2026-07-13 10:28:01.629693+00
dc4288ed-0339-4a56-938b-745d43a220a3,65e14b86-30ca-4ce9-87bb-ed74e545f0b8,ceb850a3-632d-4064-8a27-bd9a3c852962,2026-07-12 10:28:01.629693+00
e910ffba-f30d-4275-8d56-ec86ab010705,d4755468-8529-4808-9f9b-1be83aea5a77,2aacc0aa-9c94-4308-95ac-7d96ce817ad9,2026-07-11 10:28:01.629693+00
b9a985b8-e3a6-4dcd-b36c-c9e12d18ad4b,3bac6aab-522d-4fba-bfa0-70b4cf97171f,a60a17e3-d718-402f-8dee-9541cb5e6cb0,2026-07-10 10:28:01.629693+00
0934e87f-3330-44d3-91c5-42ee365fa980,f4b2f212-60ee-43d3-b516-8a9f813710a2,85834d1c-0849-4a44-8887-9a5eda976ad0,2026-07-09 10:28:01.629693+00
90782fd2-8b4b-43ca-863b-2a67f6bfb838,475e60a2-b643-4d07-9bfb-418253e05b1f,aa3a7ee9-94c2-4ebb-a5da-07a7639ad45a,2026-07-08 10:28:01.629693+00
cb033284-c246-45e7-bae9-a36f6fb72291,8d818dcf-94ec-4675-9dd5-a4316f77e2cf,eb6a6e1d-ed36-4c32-90a7-046fc00bacfc,2026-07-07 10:28:01.629693+00
8e110e40-9263-4712-b7fe-3fa7f515bca6,7914a315-8e63-4fbd-b99e-a32596a9497f,ceb850a3-632d-4064-8a27-bd9a3c852962,2026-07-06 10:28:01.629693+00
de343a03-0c25-4dda-85bf-3c278e76cd30,dcbe9d89-4263-43d6-8fe9-1f95a11b6e8d,2aacc0aa-9c94-4308-95ac-7d96ce817ad9,2026-07-25 10:28:01.629693+00
d019500a-2f74-47f4-b7cf-76cdc0efda0f,eedbb3f5-4d35-4d91-8b6c-cac9691ed1f8,a60a17e3-d718-402f-8dee-9541cb5e6cb0,2026-07-24 10:28:01.629693+00
f521df62-2f5a-44b6-9aa1-5dda1139b53c,6f66c780-f72a-46a9-9498-eb55f40e9e03,85834d1c-0849-4a44-8887-9a5eda976ad0,2026-07-23 10:28:01.629693+00
fa62ff07-d8c8-4419-bb9d-7ed86d4742ad,bd7d8d1b-396f-4c4f-83ba-c8a5a484b928,aa3a7ee9-94c2-4ebb-a5da-07a7639ad45a,2026-07-22 10:28:01.629693+00
048072c3-9c11-4cd0-a674-bb7de2323259,5e5d5c34-1e54-445c-9c5b-47cf43ba4ac3,eb6a6e1d-ed36-4c32-90a7-046fc00bacfc,2026-07-21 10:28:01.629693+00
0ce7f708-5589-43f9-9997-97cd597ba3df,8d87097e-553a-4775-b012-db92a46674f4,ceb850a3-632d-4064-8a27-bd9a3c852962,2026-07-20 10:28:01.629693+00
e9e80160-ac51-4cdf-b271-6b44b9911f8e,1ead8350-658c-45e2-b8d1-4ad798287fce,2aacc0aa-9c94-4308-95ac-7d96ce817ad9,2026-07-19 10:28:01.629693+00
046b95c0-6dbd-4dcf-879c-160a5e2084bc,9ef4e707-8d08-4f2e-821a-28c5f2029847,a60a17e3-d718-402f-8dee-9541cb5e6cb0,2026-07-18 10:28:01.629693+00
9713bbc2-c54a-4399-a2f6-facfa27ff491,980231f8-766e-448f-94f8-40d34f155480,85834d1c-0849-4a44-8887-9a5eda976ad0,2026-07-17 10:28:01.629693+00
944defbb-7b48-4529-8201-7eb3fb29b8a7,53da3ab0-8e5f-4398-acbe-457ffe6f272d,aa3a7ee9-94c2-4ebb-a5da-07a7639ad45a,2026-07-16 10:28:01.629693+00
d5827d84-6eea-4a66-859a-d559692529db,0139e16a-b970-48c5-b70f-8b1dc086bb63,eb6a6e1d-ed36-4c32-90a7-046fc00bacfc,2026-07-15 10:28:01.629693+00
cf6bb8a3-7035-44eb-96be-738e5715c793,f39c95cc-7b2d-47e5-b5e4-d48088cff0d6,ceb850a3-632d-4064-8a27-bd9a3c852962,2026-07-14 10:28:01.629693+00
0eab04e9-b693-4c27-aae3-0ad4f6cf88ff,e6baaa3b-3eb5-4a37-b0b9-44bc5c40d3c5,2aacc0aa-9c94-4308-95ac-7d96ce817ad9,2026-07-13 10:28:01.629693+00
55c560e7-c051-4273-8d73-f020b97a2501,6f0be94a-d742-4983-812c-177584699057,a60a17e3-d718-402f-8dee-9541cb5e6cb0,2026-07-12 10:28:01.629693+00
1cd2c8e3-20ef-4e36-84d1-e193a6ea51d6,69627e71-f771-4dfd-97e5-df86c767196b,85834d1c-0849-4a44-8887-9a5eda976ad0,2026-07-11 10:28:01.629693+00
00dfe0ef-85fa-492c-b096-dd7371612bc1,d0d1ea18-9460-4221-8f10-6bd00ab2e7dc,ceb850a3-632d-4064-8a27-bd9a3c852962,2026-07-25 10:28:22.771561+00
0ce5871f-dbf4-4c0e-9263-8870e7ce3479,d0d1ea18-9460-4221-8f10-6bd00ab2e7dc,eb6a6e1d-ed36-4c32-90a7-046fc00bacfc,2026-07-25 10:28:22.771561+00
f66eabaa-04eb-41a9-a60e-13cc37dca2f5,d0d1ea18-9460-4221-8f10-6bd00ab2e7dc,f0c91762-8421-42a5-933f-a7c91fde6dc2,2026-07-25 10:28:22.771561+00
fac0173e-514b-40ae-ba1a-92061184fb7d,d0d1ea18-9460-4221-8f10-6bd00ab2e7dc,85834d1c-0849-4a44-8887-9a5eda976ad0,2026-07-25 10:28:22.771561+00
d01b6683-2498-4969-adb6-fbd9c506119b,212b321f-ff8d-4821-b43d-41d6b3f2ab1a,eb6a6e1d-ed36-4c32-90a7-046fc00bacfc,2026-07-19 10:30:19.258003+00
02b67974-db47-4926-8512-bbe0bee1e880,67fe9bdd-61e4-4696-9ae1-a07a47e55d7a,a60a17e3-d718-402f-8dee-9541cb5e6cb0,2026-07-24 10:30:19.258003+00
8ab0ed5a-3ae5-4256-b271-b499501f2bc8,6ec3bbb1-d05c-4343-80cf-7bd9f02b620a,eb6a6e1d-ed36-4c32-90a7-046fc00bacfc,2026-07-14 10:30:19.258003+00
d0da63a1-9329-42c7-a419-a3e30fe25882,96b299ff-1d5d-468c-a0ce-ea9dfa078571,aa3a7ee9-94c2-4ebb-a5da-07a7639ad45a,2026-07-16 10:30:19.258003+00
453acebc-2206-43bd-afe7-6bec519b01c7,a11989d8-1699-44ff-9883-11a92ebfe672,85834d1c-0849-4a44-8887-9a5eda976ad0,2026-07-19 10:30:19.258003+00
1b1916d7-bb82-4af8-80db-398c276c8b6f,9cb51c5f-d147-4537-bccd-035664111e5c,85834d1c-0849-4a44-8887-9a5eda976ad0,2026-07-19 10:30:19.258003+00
f4c326d6-eb91-4937-bf19-1d0f77a2b15d,11308f6e-9232-47bf-921a-f32e137dae75,aa3a7ee9-94c2-4ebb-a5da-07a7639ad45a,2026-07-16 10:30:19.258003+00
0c2c221e-6a03-4f56-b8f1-b11578dab605,11dfe89c-4c46-4280-bcb9-9ad4168fd6fa,eb6a6e1d-ed36-4c32-90a7-046fc00bacfc,2026-07-20 10:30:19.258003+00
62277d2b-534a-4600-a129-b13887b66bb7,a4fc5d53-24ea-450a-bfc2-652601c7c2b0,aa3a7ee9-94c2-4ebb-a5da-07a7639ad45a,2026-07-11 10:30:19.258003+00
ec72ee2a-0177-4c38-9a03-9380d0a1924e,b8cffff4-87ef-4fa5-b8c1-ca62f467ecac,85834d1c-0849-4a44-8887-9a5eda976ad0,2026-07-23 10:30:19.258003+00
f02b6f2f-fa1f-4818-9cda-3c4d84e637f8,9b3e4f8b-139f-408f-91e4-b10111f9da13,aa3a7ee9-94c2-4ebb-a5da-07a7639ad45a,2026-07-20 10:30:19.258003+00
84b2afcc-4d3b-4128-acc2-b7a9da529c9c,73e2e7ef-2cc2-4fe7-aacc-93f60ce33225,aa3a7ee9-94c2-4ebb-a5da-07a7639ad45a,2026-07-17 10:30:19.258003+00
742f4fc4-f444-4075-a370-16eba7e135c6,3c396b9d-8088-47ab-b72f-b3d4dacf8907,a60a17e3-d718-402f-8dee-9541cb5e6cb0,2026-07-13 10:30:19.258003+00
542c4094-9d69-4a6f-9fa1-09bfbb5c03e7,d223a0fc-6f90-4ee7-8314-a61fac29f8eb,a60a17e3-d718-402f-8dee-9541cb5e6cb0,2026-07-25 10:30:19.258003+00
b4ba0600-55c4-44bc-bc5c-3231b33b6b62,cccc9410-ba65-4b74-b5a5-c2928c835c62,ceb850a3-632d-4064-8a27-bd9a3c852962,2026-07-14 10:30:19.258003+00
3f8fbb98-2faa-4cca-ab9f-37712dfc90b3,4d96f2dd-d57a-4856-a8a7-ae3f72bda912,85834d1c-0849-4a44-8887-9a5eda976ad0,2026-07-18 10:30:19.258003+00
80817990-ab92-4841-9363-38bfd7078ed1,f74d2a90-c384-4378-912e-0269182b7793,aa3a7ee9-94c2-4ebb-a5da-07a7639ad45a,2026-07-24 10:30:19.258003+00
17a7834d-1297-4caa-9e43-db339c0ba581,49703f5d-7302-46e6-ab8a-08cb677c8b6e,85834d1c-0849-4a44-8887-9a5eda976ad0,2026-07-20 10:30:19.258003+00
6ef4e300-c766-4948-b09b-84f2d2c49322,1b24e2cf-d395-4a89-8548-851ad8df61b2,ceb850a3-632d-4064-8a27-bd9a3c852962,2026-07-19 10:30:19.258003+00
d48e2c39-8d43-4171-9ca8-84a7bb2ea55a,9c3cbd31-2c93-435a-a583-c143bf5b60d7,85834d1c-0849-4a44-8887-9a5eda976ad0,2026-07-21 10:30:19.258003+00
b6fb82dc-652b-4512-bbb0-fd6957940c0a,e83d2429-a979-4d56-bf14-bcf0315df731,ceb850a3-632d-4064-8a27-bd9a3c852962,2026-07-24 10:30:19.258003+00
ef0100b7-c58f-4b2e-86b4-0997b53175d1,dc41cde6-59bf-4e25-a310-b5a0210c1565,ceb850a3-632d-4064-8a27-bd9a3c852962,2026-07-12 10:30:19.258003+00
9a7f14e3-341c-444f-b2e3-a2b504cbb5c7,ef826a03-f9fd-4933-a424-3d1a13fd754a,85834d1c-0849-4a44-8887-9a5eda976ad0,2026-07-16 10:30:19.258003+00
a89438fa-a6d9-4c6f-a0f7-59388751708b,48f4c598-f8a8-43a8-ab98-5dc98d751c87,aa3a7ee9-94c2-4ebb-a5da-07a7639ad45a,2026-07-21 10:30:19.258003+00
0dcf0e7b-8261-4357-9273-07daa4514d05,cffa1a73-54df-4f41-9f26-8b7be2c477ea,a60a17e3-d718-402f-8dee-9541cb5e6cb0,2026-07-13 10:30:19.258003+00
75ca9769-58b1-4917-b81b-98227af7d253,762794c2-5178-4602-8667-4b61aa4bde0f,a60a17e3-d718-402f-8dee-9541cb5e6cb0,2026-07-18 10:30:19.258003+00
c34e39e7-a978-4b50-a922-0c0e3d4c56c3,89af6684-bbc6-475f-a26c-e78f26908a5c,85834d1c-0849-4a44-8887-9a5eda976ad0,2026-07-23 10:30:19.258003+00
a9e9550d-51f6-46b2-8bc3-486989b9b04c,627d7b2d-03db-4cf4-a505-b02fd14e5f71,ceb850a3-632d-4064-8a27-bd9a3c852962,2026-07-25 10:30:19.258003+00
ecfaacb4-c9a6-47fe-8b01-4d512f1fa521,6a5f9e6a-6519-4dcf-8a6d-f6eb5d38887d,85834d1c-0849-4a44-8887-9a5eda976ad0,2026-07-18 10:30:19.258003+00
e3300306-35d8-46b1-b020-538698a67cc3,32421770-f251-47c8-bc0c-23e1cfbde5ad,a60a17e3-d718-402f-8dee-9541cb5e6cb0,2026-07-10 10:30:19.258003+00
35afc438-f83d-4ae3-b071-95ecdc28fa61,fac7c1a6-ca92-42d8-a9c5-f60c2e2412f7,ceb850a3-632d-4064-8a27-bd9a3c852962,2026-07-18 10:30:19.258003+00
ed342828-b6e1-4ef3-8de3-c0fa1ae5e9ce,e943cbd2-253d-4675-81cc-6007e28a4e8a,85834d1c-0849-4a44-8887-9a5eda976ad0,2026-07-17 10:30:19.258003+00
d5bcf114-3c0c-4eb5-8932-1662d1bcc044,44ace09d-bbc4-4aae-80a3-04e7823ef7ad,85834d1c-0849-4a44-8887-9a5eda976ad0,2026-07-15 10:30:19.258003+00
5f7815d5-14b5-4e05-a1d4-e82a5dcca5d3,a1b285b9-0aaa-46a3-a174-cf39c6713c83,eb6a6e1d-ed36-4c32-90a7-046fc00bacfc,2026-07-16 10:30:19.258003+00
a619a878-2b35-44e1-beb3-c1e0317cf3a2,13d81604-d32b-4de5-a138-e487ad92ed39,85834d1c-0849-4a44-8887-9a5eda976ad0,2026-07-10 10:30:19.258003+00
ed524cf8-a325-433a-bc69-4506b720c635,b78d37fe-2e39-4a77-9a3a-227244484d08,aa3a7ee9-94c2-4ebb-a5da-07a7639ad45a,2026-07-21 10:30:19.258003+00
e6409a00-1550-4848-8565-0e249863d9a8,947d89ac-aae2-414f-801a-eb9d8a98f5ce,eb6a6e1d-ed36-4c32-90a7-046fc00bacfc,2026-07-14 10:30:19.258003+00
8d11e786-f9d9-43f1-bda6-0c009c3891f3,8850ffc3-5f25-4fd9-bd52-dc6bf0f4d879,85834d1c-0849-4a44-8887-9a5eda976ad0,2026-07-21 10:30:19.258003+00
80efc8a1-4ee1-47e2-bc68-6b01eb91c740,451bb163-23ae-4a8b-ad24-ddc116f5d500,eb6a6e1d-ed36-4c32-90a7-046fc00bacfc,2026-07-11 10:33:05.996014+00
bf9ae296-ea74-4673-a283-03fb9a27b111,68c7d022-da11-467c-bf82-89ecf8da7bf5,eb6a6e1d-ed36-4c32-90a7-046fc00bacfc,2026-07-25 10:33:05.996014+00
69408ede-0ff1-4da0-8fd0-efe1165f8b6a,dff0ddcf-8af7-4c6b-8fd9-50f11dc64267,ceb850a3-632d-4064-8a27-bd9a3c852962,2026-07-23 10:33:05.996014+00
f065d91e-397e-4784-9409-f62ba083f0dc,bdd08363-054d-4c2b-beb2-257fdd62d57e,ceb850a3-632d-4064-8a27-bd9a3c852962,2026-07-24 10:33:05.996014+00
ad5c3a02-7dd8-40eb-9ecb-3e2305fae986,e3a6c7e7-bdd6-4f90-bc42-3044a96ed019,eb6a6e1d-ed36-4c32-90a7-046fc00bacfc,2026-07-18 10:33:05.996014+00
2e384ad3-9465-4b85-ad02-7ece9467b73d,1f990b02-4f15-4a2e-9588-c2acf0fce2a3,ceb850a3-632d-4064-8a27-bd9a3c852962,2026-07-19 10:33:05.996014+00
fe3abb4e-5ba9-429d-8709-558a3facb34a,381ba4f6-2e43-4c84-afd2-a51b699ea7e6,eb6a6e1d-ed36-4c32-90a7-046fc00bacfc,2026-07-18 10:33:05.996014+00
a8b31df9-f590-437a-b278-da2f87b3bdd8,020f3d33-5bd0-43f9-9617-4c30aa6929a5,eb6a6e1d-ed36-4c32-90a7-046fc00bacfc,2026-07-21 10:33:05.996014+00
11c532a3-0fc8-4296-9ab9-84bb454c9a32,b658cd25-ac90-4ee2-bcf2-88822ef62db9,ceb850a3-632d-4064-8a27-bd9a3c852962,2026-07-25 10:33:05.996014+00
8d7b1ec1-d5e7-4960-a4c1-b6f508a1c38c,55263ae3-b369-438d-a366-5ebf7e524a7e,eb6a6e1d-ed36-4c32-90a7-046fc00bacfc,2026-07-25 10:33:05.996014+00
c997c101-e223-4242-9816-2c95fd4c0a66,2d3a22c3-6723-40d5-a119-10b0f36753f6,ceb850a3-632d-4064-8a27-bd9a3c852962,2026-07-18 10:33:05.996014+00
a6e67a82-3f5b-482d-803d-4802cd91f06d,50191b72-9e75-4342-8692-bb8b806d9da0,ceb850a3-632d-4064-8a27-bd9a3c852962,2026-07-24 10:33:24.148977+00
8f55c51f-519e-436a-959c-ee71dcedd022,b21a53de-c30f-4233-9065-63a307d477b6,2aacc0aa-9c94-4308-95ac-7d96ce817ad9,2026-07-23 10:33:24.148977+00
0bf7adb1-0955-4bb8-bd2b-130ba1e179ee,05833906-2699-4ac9-b7cd-09d1970f4d44,a60a17e3-d718-402f-8dee-9541cb5e6cb0,2026-07-22 10:33:24.148977+00
6d75022e-4de9-4069-a122-998109ef2738,96ce46b2-ecd7-41a0-9733-af5aa6b88b5d,85834d1c-0849-4a44-8887-9a5eda976ad0,2026-07-21 10:33:24.148977+00
05496163-e7fb-49e9-b338-a661edde27ca,e9c4891d-965e-4354-b3a1-c1e96161aa5d,aa3a7ee9-94c2-4ebb-a5da-07a7639ad45a,2026-07-20 10:33:24.148977+00
457d3ee4-8e13-4e51-9ad3-e3469760c9e6,9e613346-3baa-4ea2-8b44-c8808ff366a5,f0c91762-8421-42a5-933f-a7c91fde6dc2,2026-07-25 10:49:13.420091+00
9d10605f-eff5-4676-b641-8d0f30680723,9e613346-3baa-4ea2-8b44-c8808ff366a5,ceb850a3-632d-4064-8a27-bd9a3c852962,2026-07-25 10:49:13.420091+00
a7de7909-6945-4eb9-a3c7-9a62340246fd,9e613346-3baa-4ea2-8b44-c8808ff366a5,eb6a6e1d-ed36-4c32-90a7-046fc00bacfc,2026-07-25 10:49:13.420091+00
b8f4fc1e-4619-475b-b050-952cb8afe69b,9e613346-3baa-4ea2-8b44-c8808ff366a5,85834d1c-0849-4a44-8887-9a5eda976ad0,2026-07-25 10:49:13.420091+00
2c866008-70be-4224-ae18-322a7d5110be,3fdff54f-303f-46d8-b203-3537ebd959af,a60a17e3-d718-402f-8dee-9541cb5e6cb0,2026-07-25 10:49:25.384515+00
39def18d-a2d8-47c2-bc5f-0c729d783b19,3fdff54f-303f-46d8-b203-3537ebd959af,2aacc0aa-9c94-4308-95ac-7d96ce817ad9,2026-07-25 10:49:25.384515+00
fe1a2162-8c08-497f-87b9-ab6e82b50b3d,3fdff54f-303f-46d8-b203-3537ebd959af,aa3a7ee9-94c2-4ebb-a5da-07a7639ad45a,2026-07-25 10:49:25.384515+00
66c05b30-1fe3-4869-ac17-c47a6c00caf8,25a388cf-fca4-4ffc-9bc2-42cea861dbc8,85834d1c-0849-4a44-8887-9a5eda976ad0,2026-07-25 11:08:52.592151+00
7cbb52ee-a654-4bd3-9f95-bbd706767669,25a388cf-fca4-4ffc-9bc2-42cea861dbc8,ceb850a3-632d-4064-8a27-bd9a3c852962,2026-07-25 11:08:52.592151+00
b8c87f38-30f4-4e12-8c5c-d41caf7cc147,25a388cf-fca4-4ffc-9bc2-42cea861dbc8,eb6a6e1d-ed36-4c32-90a7-046fc00bacfc,2026-07-25 11:08:52.592151+00
e2ba54c9-1177-48de-b077-7ac792a7ab8f,25a388cf-fca4-4ffc-9bc2-42cea861dbc8,f0c91762-8421-42a5-933f-a7c91fde6dc2,2026-07-25 11:08:52.592151+00
